No	発売日	タイトル	メーカー	価格
1	1990/11/21	スーパーマリオワールド	任天堂	8000
2	1990/11/21	Ｆ－ＺＥＲＯ	任天堂	7000
3	1990/12/1	ボンバザル	ケムコ	6500
4	1990/12/16	アクトレイザー	エニックス	8000
5	1990/12/16	ポピュラス	イマジニア	8800
6	1990/12/21	ファイナルファイト	カプコン	8500
7	1990/12/21	グラディウスⅢ	コナミ	7800
8	1990/12/21	パイロットウイングス	任天堂	8000
9	1990/12/29	SDザ・グレイトバトル	バンプレスト	8200
10	1991/2/23	ジャンボ尾崎のホールインワン	HAL研究所	8900
11	1991/3/20	ＢＩＧ ＲＵＮ	ジャレコ	8700
12	1991/3/29	ダライアスツイン	タイトー	8500
13	1991/4/5	遙かなるオーガスタ	T&Eソフト	9800
14	1991/4/6	ウルトラマン	バンダイ	7800
15	1991/4/26	シムシティー	任天堂	8000
16	1991/5/17	スーパープロフェッショナルベースボール	ジャレコ	8700
17	1991/5/24	ドラッケン	ケムコ	8500
18	1991/5/28	ガデュリン	セタ	8800
19	1991/6/21	イースⅢ ワンダラーズ フロム イース	トンキンハウス	8800
20	1991/7/2	スーパースタジアム	セタ	8800
21	1991/7/6	機動戦士ガンダムＦ９１  フォーミュラー戦記０１２２	バンダイ	9500
22	1991/7/12	スーパーウルトラベースボール	カルチャーブレーン	8800
23	1991/7/13	スーパーアールタイプ	アイレム	8500
24	1991/7/19	がんばれゴエモン ゆき姫救出絵巻	コナミ	8800
25	1991/7/19	ファイナルファンタジーⅣ	スクウェア	8800
26	1991/7/20	バトルドッジボール  闘球大激突	バンプレスト	9600
27	1991/7/26	エリア８８	カプコン	8500
28	1991/8/9	白熱プロ野球ガンバリーグ	エピック・ソニーレコード	8500
29	1991/8/23	初段 森田将棋	セタ	8800
30	1991/8/30	スーパーテニス ワールドサーキット	トンキンハウス	7800
31	1991/8/31	ハイパーゾーン	HAL研究所	8500
32	1991/9/13	ジェリーボーイ	エピック・ソニーレコード	8500
33	1991/9/15	スーパー三國志Ⅱ	光栄	14800
34	1991/9/20	プロサッカー	イマジニア	8000
35	1991/10/4	超魔界村	カプコン	8500
36	1991/10/25	ＳＵＰＥＲ Ｅ．Ｄ．Ｆ．	ジャレコ	8700
37	1991/10/29	ファイナルファンタジーⅣ イージータイプ	スクウェア	9000
38	1991/10/31	悪魔城ドラキュラ	コナミ	8800
39	1991/11/21	ゼルダの伝説 神々のトライフォース	任天堂	8000
40	1991/11/29	雷電伝説	東映動画	8700
41	1991/12/6	ＪＯＥ＆ＭＡＣ 戦え原始人	データイースト	8500
42	1991/12/13	スーパーワギャンランド	ナムコ	8300
43	1991/12/13	ラグーン	ケムコ	8500
44	1991/12/13	スーパーフォーメーションサッカー	ヒューマン	7700
45	1991/12/13	ちびまる子ちゃん「はりきり３６５日」の巻	エポック社	8800
46	1991/12/18	レミングス	サンソフト	8500
47	1991/12/20	ダンジョン マスター	ビクターエンタテインメント	9800
48	1991/12/20	ディメンションフォース	アスミック	8500
49	1991/12/20	スーパーファイヤープロレスリング	ヒューマン	8500
50	1991/12/21	ＳＤガンダム外伝 ナイトガンダム物語 大いなる遺産	エンジェル	9500
51	1991/12/21	スーパー信長の野望 武将風雲録	光栄	11800
52	1991/12/27	反省ザルジローくんの大冒険	ナツメ	7000
53	1991/12/27	サンダースピリッツ	東芝EMI	8600
54	1991/12/28	スーパーチャイニーズワールド	カルチャーブレーン	8800
55	1991/12/29	シムアース	イマジニア	9600
56	1991/12/29	バトルコマンダー  八武衆修羅の兵法	バンプレスト	9800
57	1992/1/11	高橋名人の大冒険島	ハドソン	8500
58	1992/1/17	プロフットボール	イマジニア	7900
59	1992/1/25	ドラゴンボールZ 超サイヤ伝説	バンダイ	9500
60	1992/1/28	ロマンシング サ・ガ	スクウェア	9500
61	1992/1/31	ソウルブレイダー	エニックス	8800
62	1992/2/14	ドラゴンスレイヤー英雄伝説	エポック社	9800
63	1992/2/21	エキゾースト・ヒート	セタ	8900
64	1992/2/28	ロケッティア	アイ・ジー・エス	8900
65	1992/2/28	魂斗羅スピリッツ	コナミ	8500
66	1992/3/6	スーパーバーディラッシュ	データイースト	8800
67	1992/3/7	弟切草	チュンソフト	8800
68	1992/3/19	新世紀ＧＰＸ サイバーフォーミュラ	タカラ	8800
69	1992/3/19	Ｒ．Ｐ．Ｍ．Ｒａｃｉｎｇ	ビクターエンタテインメント	8800
70	1992/3/19	スーパー伊忍道 打倒信長	光栄	11800
71	1992/3/20	超攻合神サーディオン	アスミック	8800
72	1992/3/20	ファイナルファイトガイ	カプコン	8500
73	1992/3/27	ＳＭＡＳＨ・Ｔ．Ｖ．	アスキー	7800
74	1992/3/27	ラッシング ビート	ジャレコ	8700
75	1992/3/27	らんま１／２ 町内激闘篇	日本コンピュータシステム	8800
76	1992/3/27	ザ・グレイトバトルⅡラストファイターツイン	バンプレスト	8200
77	1992/3/27	スーパーヴァリス 赤き月の乙女	レーザーソフト	8500
78	1992/3/27	トップレーサー	ケムコ	7800
79	1992/3/27	バトルグランプリ	ナグザット	8500
80	1992/3/27	カードマスター　リムサリアの封印	HAL研究所	8900
81	1992/3/27	Ｓ．Ｔ．Ｇ．(エスティージー）	アテナ	8900
82	1992/3/27	ハットトリックヒーロー	タイトー	8000
83	1992/3/27	スーパーファミスタ	ナムコ	7900
84	1992/3/28	まじかる☆タルるートくん　ＭＡＧＩＣ ＡＤＶＥＮＴＵＲＥ	バンダイ	8000
85	1992/4/3	ウルティマⅥ　偽りの予言者	ポニーキャニオン	9800
86	1992/4/5	エアーマネジメント 大空に賭ける	光栄	11800
87	1992/4/5	オセロワールド	ツクダオリジナル	8700
88	1992/4/10	ペブルビーチの波濤	T&Eソフト	9800
89	1992/4/21	豪槍神雷伝説 武者	データム・ポリスター	8800
90	1992/4/24	摩訶摩訶	シグマ商事	8700
91	1992/4/24	ヘラクレスの栄光Ⅲ 神々の沈黙	データイースト	8800
92	1992/4/24	ＷＷＦスーパーレッスルマニア	アクレイム ジャパン	8800
93	1992/4/24	スーパーカップサッカー	ジャレコ	9000
94	1992/4/28	スーパー上海ドラゴンズアイ	ホット・ビィ	7800
95	1992/4/28	Ｆ－１ ＧＲＡＮＤ ＰＲＩＸ	ビデオシステム	9700
96	1992/4/28	スーパーアレスタ	東宝	8700
97	1992/4/28	拳闘王 ワールドチャンピオン	ソフエル	8000
98	1992/5/1	バトルブレイズ	サミー	8700
99	1992/5/23	甲竜伝説ヴィルガスト　消えた少女	バンダイ	9000
100	1992/5/29	マジックソード	カプコン	8500
101	1992/5/29	斬Ⅱスピリッツ	ウルフ・チーム	9800
102	1992/6/10	ストリートファイターⅡ	カプコン	9800
103	1992/6/19	スーパーダンクショット	HAL研究所	8600
104	1992/6/19	スーパー将棋	アイマックス	8800
105	1992/6/26	キャメルトライ	タイトー	8500
106	1992/6/26	横山光輝 三国志	エンジェル	9500
107	1992/6/26	アストラルバウト	キングレコード	9030
108	1992/6/26	甲子園２	ケイ・アミューズメントリース	8900
109	1992/7/3	プリンス オブ ペルシャ	日本コンピュータシステム	8800
110	1992/7/3	スーパーオフロード	パック・イン・ビデオ	6900
111	1992/7/3	Ｌｉｇｈｔ Ｆａｎｔａｓｙ	トンキンハウス	8900
112	1992/7/3	パロディウスだ！　神話からお笑いへ	コナミ	8500
113	1992/7/3	スーパーボウリング	アテナ	8300
114	1992/7/3	ＰＧＡツアーゴルフ	イマジニア	8500
115	1992/7/10	ゆうゆのクイズでＧＯ！ＧＯ！	タイトー	8500
116	1992/7/10	北斗の拳５ 天魔流星伝 哀・絶章	東映動画	8900
117	1992/7/14	マリオペイント	任天堂	9800
118	1992/7/17	ダイナウォーズ　恐竜王国への大冒険	アイレム	8800
119	1992/7/17	ＨＯＯＫ	エピック・ソニーレコード	8500
120	1992/7/17	鈴木亜久里のＦ１スーパードライビング	ロジーク	8800
121	1992/7/17	キャプテン翼Ⅲ　皇帝の挑戦	テクモ	8900
122	1992/7/17	パチンコウォーズ	ココナッツジャパンエンターテイメント	9500
123	1992/7/23	サンドラの大冒険 ワルキューレとの出逢い	ナムコ	8300
124	1992/7/24	Ｔ．Ｍ．Ｎ．Ｔ． タートルズインタイム	コナミ	8500
125	1992/7/24	サイバリオン	東芝EMI	8600
126	1992/7/24	スーパーエフワンサーカス (０１)	日本物産	8800
127	1992/7/24	ブレイゾン	アトラス	8500
128	1992/7/24	アースライト	ハドソン	8500
129	1992/7/24	ウルティメイトフットボール	サミー	8700
130	1992/7/28	３×３ＥＹＥＳ(サザンアイズ) 聖魔降臨伝	ユタカ	9500
131	1992/7/31	機甲警察メタルジャック	アトラス	8800
132	1992/7/31	飛龍の拳Sゴールデンファイター	カルチャーブレーン	9700
133	1992/7/31	キング・オブ・ザ・モンスターズ	タカラ	8800
134	1992/7/31	炎の闘球児ドッジ弾平	サンソフト	8500
135	1992/8/5	スーパー大航海時代	光栄	11800
136	1992/8/7	スピンディジーワールド	アスキー	8800
137	1992/8/7	スーパーパン	カプコン	7500
138	1992/8/7	パイプドリーム	BPS	7500
139	1992/8/7	初代熱血硬派くにおくん	テクノスジャパン	8900
140	1992/8/7	ファランクス	ケムコ	8900
141	1992/8/7	スーパープロフェッショナルベースボールⅡ	ジャレコ	9000
142	1992/8/7	スーパー桃太郎電鉄Ⅱ	ハドソン	8800
143	1992/8/11	ホーム・アローン	アルトロン	8800
144	1992/8/21	キン肉マン ＤＩＲＴＹ ＣＨＡＬＬＥＮＧＥＲ	ユタカ	7800
145	1992/8/22	スーパー麻雀	アイマックス	8000
146	1992/8/27	スーパーマリオカート	任天堂	8900
147	1992/8/28	ＣＢキャラウォーズ　失われたギャーグ	バンプレスト	8500
148	1992/8/28	ウルトラベースボール実名版	マイクロアカデミー	8800
149	1992/9/11	アクスレイ	コナミ	8800
150	1992/9/11	アクロバットミッション	テイチク	8800
151	1992/9/12	ＳＤ機動戦士ガンダム Ｖ作戦始動	エンジェル	7800
152	1992/9/12	スーパー麻雀大会	光栄	9800
153	1992/9/18	ＳＤガンダムＸ  スーパーガチャポンワールド	ユタカ	9500
154	1992/9/18	ワイアラエの奇蹟	T&Eソフト	9800
155	1992/9/24	提督の決断	光栄	14800
156	1992/9/25	ソニックブラストマン	タイトー	8500
157	1992/9/25	大戦略エキスパート	アスキー	9800
158	1992/9/25	銀河英雄伝説	徳間書店インターメディアカンパニー	9800
159	1992/9/25	ぎゅわんぶらあ自己中心派  麻雀皇位戦	パルソフト	8800
160	1992/9/27	ドラゴンクエストV　天空の花嫁	エニックス	9600
161	1992/9/29	スカイミッション	ナムコ	8300
162	1992/10/9	ロードモナーク	エポック社	8800
163	1992/10/16	リターン・オブ・双截龍	テクノスジャパン	8600
164	1992/10/22	スーパーロイヤルブラッド	光栄	9800
165	1992/10/23	アダムスファミリー	ミサワエンターテインメント	8800
166	1992/10/23	スーパーＦ－１サーカスリミテッド	日本物産	9200
167	1992/10/29	コズモギャング ザ ビデオ	ナムコ	7900
168	1992/10/30	真・女神転生	アトラス	9800
169	1992/10/30	サイバーナイト	トンキンハウス	8900
170	1992/11/6	スーパーリニアボール	ヒロ	8000
171	1992/11/8	三國志Ⅲ	光栄	14800
172	1992/11/13	レナス　古代機械の記憶	アスミック	9600
173	1992/11/13	スーパーＳＷＩＶ	ココナッツジャパンエンターテイメント	9500
174	1992/11/20	ミッキーのマジカルアドベンチャー	カプコン	8500
175	1992/11/20	北斗の拳６ 激闘伝承拳覇王への道	東映動画	8900
176	1992/11/20	対決！！ ブラスナンバーズ	レーザーソフト	8500
177	1992/11/20	アメリカ横断ウルトラクイズ	トミー	8700
178	1992/11/20	ヒューマン・グランプリ	ヒューマン	9700
179	1992/11/20	ウィザードリィＶ  災渦の中心	アスキー	9800
180	1992/11/20	ヒーロー戦記  プロジェクトオリュンポス	バンプレスト	9600
181	1992/11/21	ＣＡＣＯＭＡ ＫＮＩＧＨＴ （カコマナイト）	データム・ポリスター	7800
182	1992/11/27	ガンフォース	アイレム	8300
183	1992/11/27	パワーアスリート	KANEKO	8500
184	1992/11/27	餓狼伝説　宿命の闘い	タカラ	9800
185	1992/11/27	アウター・ワールド	ビクターエンタテインメント	8800
186	1992/11/27	ソング・マスター	やのまん	9000
187	1992/11/27	バルバロッサ	サミー	9800
188	1992/11/27	ロイヤルコンクエスト	ジャレコ	8500
189	1992/11/27	あしたのジョー	ケイ・アミューズメントリース	8900
190	1992/11/27	バレーボールＴｗｉｎ	トンキンハウス	8900
191	1992/12/4	ミステリーサークル	ケイ・アミューズメントリース	8300
192	1992/12/4	メジャータイトル	アイレム	8800
193	1992/12/4	芹沢信雄のバーディトライ	東宝	9600
194	1992/12/4	スーパーブラックバス	ホット・ビィ	9800
195	1992/12/6	ファイナルファンタジーＶ	スクウェア	9800
196	1992/12/11	飛龍の拳S  ハイパーバージョン	カルチャーブレーン	9700
197	1992/12/11	Ｐｓｙｃｈｏ Ｄｒｅａｍ (サイコドリーム）	RIOT	8900
198	1992/12/11	弁慶外伝 沙の章	サンソフト	9600
199	1992/12/11	白熱プロ野球ガンバリーグ’９３	エピック・ソニーレコード	9500
200	1992/12/11	大相撲魂	タカラ	9000
201	1992/12/11	バトルサッカー フィールドの覇者	バンプレスト	9500
202	1992/12/11	パチ夫くんスペシャル	ココナッツジャパンエンターテイメント	9800
203	1992/12/14	機動装甲ダイオン	ビック東海	8500
204	1992/12/18	戦え原始人２　ルーキーの大冒険	データイースト	8000
205	1992/12/18	タイニー・トゥーン アドベンチャーズ	コナミ	8000
206	1992/12/18	重装機兵ヴァルケン	日本コンピュータシステム	8800
207	1992/12/18	スーパー・スター・ウォーズ	ビクターエンタテインメント	8800
208	1992/12/18	スーパーテトリス２+ボンブリス	BPS	8500
209	1992/12/18	中嶋悟監修 ＳＵＰＥＲ Ｆ１ ＨＥＲＯ	バリエ	8900
210	1992/12/18	ＳＤガンダム外伝２ 円卓の騎士	ユタカ	9500
211	1992/12/18	フライング ヒーロー  ぶぎゅるーの大冒険	ソフエル	8800
212	1992/12/18	ステルス	ヘクト	9700
213	1992/12/18	スーパー大相撲熱戦大一番	ナムコ	8800
214	1992/12/18	アメージングテニス	パック・イン・ビデオ	8800
215	1992/12/18	ナグザットスーパーピンボール 邪鬼破壊	ナグザット	8500
216	1992/12/18	スーパーニチブツマージャン(03)	日本物産	8800
217	1992/12/19	半熟英雄  ああ、世界よ半熟なれ	スクウェア	9500
218	1992/12/21	４６億年物語  はるかなるエデンへ	ゲームプラン21	9600
219	1992/12/22	ＬＯＯＮＥＹ ＴＵＮＥＳ ロードランナーＶＳワイリーコヨーテ	サンソフト	8600
220	1992/12/22	ラッシング・ビート乱 複製都市	ジャレコ	9600
221	1992/12/22	少年アシベ  ゴマちゃんのゆうえんち大冒険	タカラ	7800
222	1992/12/22	奇々怪界 謎の黒マント	ナツメ	8500
223	1992/12/23	コンバットライブス	テクノスジャパン	9300
224	1992/12/25	らんま１／２ 爆烈乱闘篇	日本コンピュータシステム	9600
225	1992/12/25	テクモスーパーＮＢＡバスケットボール	テクモ	8900
226	1992/12/25	スーパーファイヤープロレスリング２	ヒューマン	8500
227	1992/12/25	スーパーバレーⅡ	ビデオシステム	8900
228	1992/12/25	ＳＵＰＥＲ ＫＩＣＫ ＯＦＦ　（スーパーキックオフ）	ミサワエンターテインメント	7700
229	1992/12/25	哭きの竜  麻雀飛翔伝 	アイ・ジー・エス	9800
230	1992/12/25	大爆笑 人生劇場	タイトー	8500
231	1992/12/28	史上最強のクイズ王決定戦ＳＵＰＥＲ	ヨネザワ	8900
232	1992/12/28	ＴＨＥ ＫＩＮＧ ＯＦ ＲＡＬＬＹ パリ・モスクワ・ペキン	メルダック	8800
233	1993/1/3	エルファリア	ハドソン	9500
234	1993/1/8	エイリアンVSプレデター	アイ・ジー・エス	9800
235	1993/1/14	ＢＵＲＡＩ八玉の勇士伝説　（ブライ）	アイ・ジー・エス	9800
236	1993/1/16	ヨーロッパ戦線	光栄	12800
237	1993/1/22	負けるな！魔剣道	データム・ポリスター	8800
238	1993/1/22	マイト・アンド・マジックＢＯＯＫ２	ロジーク	8800
239	1993/1/22	ポピュラス２	イマジニア	9800
240	1993/1/22	ドラゴンズ・アース	ヒューマン	8500
241	1993/1/25	うしおととら	ユタカ	8800
242	1993/1/29	スーパービックリマン	ベック	7800
243	1993/1/29	クリスティーワールド	アクレイム ジャパン	8000
244	1993/1/29	Ｑ＊ｂｅｒｔ３	バップ	7000
245	1993/1/29	スーパー倉庫番	パック・イン・ビデオ	7800
246	1993/1/29	信長公記	やのまん	12500
247	1993/1/29	ナムコットオープン	ナムコ	8800
248	1993/1/29	ワールドクラスラグビー	ミサワエンターテインメント	7900
249	1993/2/5	ゲゲゲの鬼太郎　復活！！天魔大王	バンダイ	8800
250	1993/2/12	プロフットボール’９３	EAV	8900
251	1993/2/19	ドラえもん のび太と妖精の国	エポック社	8000
252	1993/2/19	ウォーリーをさがせ！ 絵本の国の大冒険	トミー	9500
253	1993/2/19	鋼鉄の騎士	アスミック	9800
254	1993/2/19	喜国雅彦の雀闘士 銅鑼王	POW	8900
255	1993/2/21	スターフォックス	任天堂	9800
256	1993/2/26	バートの不思議な夢の大冒険	アクレイム ジャパン	8800
257	1993/2/26	バットマンリターンズ	コナミ	8800
258	1993/2/26	コズモギャング ザ パズル	ナムコ	7900
259	1993/2/26	Ｆ－１ ＧＲＡＮＤ ＰＲＩＸ ＰＡＲＴⅡ	ビデオシステム	9800
260	1993/2/26	Ｘａｋ (サーク)	サンソフト	9600
261	1993/2/26	シムアント	イマジニア	12800
262	1993/2/26	織田信長 覇王の軍団	エンジェル	9500
263	1993/2/26	リーディングカンパニー	光栄	12800
264	1993/2/26	バトルテック	ビクターエンタテインメント	9800
265	1993/2/26	ＮＢＡプロバスケットボールブルズＶＳブレイザーズ	EAV	8900
266	1993/3/5	イーハトーヴォ物語	ヘクト	9700
267	1993/3/5	エキゾースト・ヒート Ｆ１ドライバーへの軌跡	セタ	9800
268	1993/3/5	ジョジョの奇妙な冒険	コブラチーム	9500
269	1993/3/5	アルバートオデッセイ	サンソフト	9600
270	1993/3/5	ＭＥＴＡＬ ＭＡＸ２	データイースト	9500
271	1993/3/5	スーパーキックボクシング	エレクトロ・ブレイン・ジャパン	8800
272	1993/3/5	デビルズコース	T&Eソフト	9800
273	1993/3/5	モノポリー	トミー	9700
274	1993/3/12	カリフォルニアゲームズⅡ	ヘクト	8800
275	1993/3/12	EDONO牙 (エドノキバ)	マイクロワールド	8900
276	1993/3/12	伝説のオウガバトル	クエスト	9600
277	1993/3/12	２０２０年スーパーベースボール	ケイ・アミューズメントリース	8900
278	1993/3/12	スーパーファミスタ２	ナムコ	7900
279	1993/3/19	ナイジェル・マンセル Ｆ１チャレンジ	インフォコム	8800
280	1993/3/19	超魔界大戦！　どらぼっちゃん	ナグザット	8800
281	1993/3/19	ジャングルウォーズ２  古代魔法アティモスの謎	ポニーキャニオン	9500
282	1993/3/19	バイオメタル	アテナ	8980
283	1993/3/19	ＵＳＡ ＩＣＥ ＨＯＣＫＥＹ	ジャレコ	9000
284	1993/3/20	ドラゴンボールＺ 超武闘伝	バンダイ	9800
285	1993/3/25	スーパーワギャンランド２	ナムコ	8300
286	1993/3/25	スーパー蒼き狼と白き牝鹿 元朝秘史	光栄	11800
287	1993/3/26	ブルースブラザース	ケムコ	7800
288	1993/3/26	ＤＥＡＤ ＤＡＮＣＥ (デッドダンス）	ジャレコ	9700
289	1993/3/26	ウルトラセブン	バンダイ	8800
290	1993/3/26	ザ・グレイトバトルⅢ	バンプレスト	8700
291	1993/3/26	ザ・心理ゲーム 悪魔のココロジー	ヴィジット	9800
292	1993/3/26	ノイギーア  海と風の鼓動	ウルフ・チーム	9800
293	1993/3/26	デザートストライク 湾岸作戦	EAV	8900
294	1993/3/26	Ｐｏｐ’ｎツインビー	コナミ	8900
295	1993/3/26	パワーモンガー 魔将の謀略	イマジニア	12800
296	1993/3/26	つっぱり大相撲 立身出世編	テクモ	9000
297	1993/3/26	インターナショナル・テニスツアー	マイクロワールド	8900
298	1993/4/2	エアーマネジメントⅡ 航空王をめざせ	光栄	12800
299	1993/4/3	ブレス オブ ファイア  竜の戦士	カプコン	9800
300	1993/4/3	キャプテン翼Ⅳ プロのライバルたち	テクモ	9700
301	1993/4/7	太閤立志伝	光栄	11800
302	1993/4/9	アクションパチ夫	ココナッツジャパンエンターテイメント	9500
303	1993/4/16	デュアルオーブ  聖霊珠伝説	アイマックス	9700
304	1993/4/16	Ｔｈｅ麻雀・闘牌伝	ビデオシステム	8900
305	1993/4/23	怒りの要塞	ジャレコ	8700
306	1993/4/23	スーパーバトルタンク	パック・イン・ビデオ	7800
307	1993/4/23	エルナード	ゲームプラン21	9600
308	1993/4/23	龍騎兵団ダンザルブ	ユタカ	9500
309	1993/4/28	スーパーボンバーマン	ハドソン	7800
310	1993/4/28	スーパーダンクスター	サミー	7900
311	1993/5/14	バーコードバトラー戦記 スーパー戦士出撃せよ！	エポック社	7680
312	1993/5/14	対局囲碁ゴライアス	BPS	14800
313	1993/5/21	ＮＢＡオールスターチャレンジ	アクレイム ジャパン	8800
314	1993/5/22	ファイナルファイト２	カプコン	9000
315	1993/5/28	セプテントリオン	ヒューマン	8500
316	1993/5/28	パチンコ物語 パチスロもあるでよ！！	ケイエスエス	9800
317	1993/6/4	ドラゴンスレイヤー英雄伝説Ⅱ	エポック社	9800
318	1993/6/11	コスモポリスギャリバン	日本物産	8800
319	1993/6/11	スーパーフォーメーションサッカー２	ヒューマン	8500
320	1993/6/11	プロ麻雀 極	アテナ	9600
321	1993/6/18	神聖紀オデッセリア	ビック東海	9500
322	1993/6/18	早指し二段 森田将棋	セタ	14800
323	1993/6/21	スペースバズーカ	任天堂	6500
324	1993/6/21	スーパースコープ６(スーパースコープ付属カセット）	任天堂	9800
325	1993/6/25	トムとジェリー	アルトロン	8900
326	1993/6/25	ドラゴンズ マジック	コナミ	8800
327	1993/6/25	激突弾丸自動車決戦 バトルモービル	システムサコム	8800
328	1993/6/25	マジンガーＺ	バンダイ	8800
329	1993/6/25	ＧＰ－１	アトラス	8800
330	1993/6/25	シルヴァ・サーガⅡ	セタ	9800
331	1993/6/25	エストポリス伝記	タイトー	8900
332	1993/6/25	三国志正史 天舞スピリッツ	ウルフ・チーム	12800
333	1993/6/25	スーパーファミリーテニス	ナムコ	7900
334	1993/7/2	ファーストサムライ  魔狂人伝説	ケムコ	7800
335	1993/7/9	仮面ライダーＳＤ 出撃ライダーマシン	ユタカ	8800
336	1993/7/9	ヨッシーのクッキー	BPS	6600
337	1993/7/9	エイリアン３	アクレイム ジャパン	8800
338	1993/7/9	スーパーハイインパクト	アクレイム ジャパン	8800
339	1993/7/11	ストリートファイターⅡターボ	カプコン	9980
340	1993/7/14	スーパーマリオコレクション	任天堂	9800
341	1993/7/14	ヨッシーのロードハンティング	任天堂	6500
342	1993/7/16	デスブレイド	アイマックス	9700
343	1993/7/16	サンリオワールドスマッシュボール！	キャラクターソフト	6980
344	1993/7/16	摩陀羅２	コナミ	9800
345	1993/7/16	スーパーエアダイバー	アスミック	8900
346	1993/7/16	マジックジョンソンのスーパースラムダンク	ヴァージンゲーム	8900
347	1993/7/16	ワールド・サッカー	ココナッツジャパンエンターテイメント	9500
348	1993/7/16	全日本プロレス	日本コンピュータシステム	9900
349	1993/7/23	スーパーバック・トゥ・ザ・フューチャー２	東芝EMI	9000
350	1993/7/23	スーパー・ジェームスポンドⅡ	ビクターエンタテインメント	8800
351	1993/7/23	バズー！魔法世界	ホット・ビィ	9800
352	1993/7/23	ウイングコマンダー	アスキー	9800
353	1993/7/23	メガロマニア 時空大戦略	イマジニア	12800
354	1993/7/23	第３次スーパーロボット大戦	バンプレスト	9800
355	1993/7/23	ＷＷＦロイヤルランブル	アクレイム ジャパン	9800
356	1993/7/23	バトルドッジボールⅡ	バンプレスト	9600
357	1993/7/29	スーパーＦ１サーカス２	日本物産	9500
358	1993/7/30	ニトロパンクス マイトヘッズ	アイレム	8800
359	1993/7/30	パティームーン	バリエ	8900
360	1993/7/30	クレヨンしんちゃん 嵐を呼ぶ園児	バンダイ	9500
361	1993/7/30	宇宙の騎士テッカマンブレード	ベック	8800
362	1993/7/30	ソニックウイングス	ビデオシステム	8900
363	1993/7/30	美少女雀士スーチーパイ	ジャレコ	9700
364	1993/7/30	大爆笑人生劇場 ドキドキ青春編	タイトー	8800
365	1993/8/5	スーパー信長の野望・全国版	光栄	8800
366	1993/8/6	聖剣伝説２	スクウェア	9800
367	1993/8/6	ソード・ワールドＳＦＣ	T&Eソフト	9800
368	1993/8/6	くにおくんのドッジボールだよ全員集合！	テクノスジャパン	9600
369	1993/8/6	Ｊリーグサッカー プライムゴール	ナムコ	8500
370	1993/8/6	スーパーパワーリーグ	ハドソン	9500
371	1993/8/6	ヒューマンベースボール	ヒューマン	8600
372	1993/8/6	大仁田厚「ＦＭＷ」  キミは時代よる熱くなれるか	ポニーキャニオン	9800
373	1993/8/10	スーパー競馬	アイマックス	9700
374	1993/8/12	ワールドヒーローズ	サンソフト	9800
375	1993/8/20	スーパースラップショット	アルトロン	8500
376	1993/8/27	美少女戦士セーラームーン	エンジェル	9800
377	1993/8/27	サラブレッドブリーダー	ヘクト	9700
378	1993/8/27	マリオとワリオ	任天堂	6800
379	1993/8/27	樹帝戦紀	エニックス	9600
380	1993/8/27	ＭＶＰベースボール	アクレイム ジャパン	8800
381	1993/8/27	Ｘ ＺＯＮＥ	ケムコ	6500
382	1993/8/27	ＤＥＳＴＲＵＣＴＩＶＥ  (デストラクティブ)	バンダイ	6800
383	1993/9/3	スーパータリカン	トンキンハウス	7500
384	1993/9/10	サンダーバード　　国際救助隊出動せよ	コブラチーム	8800
385	1993/9/10	ラスベガスドリーム	イマジニア	9800
386	1993/9/10	ウイニングポスト	光栄	12800
387	1993/9/10	ミスティッククエスト	スクウェア	7900
388	1993/9/14	新日本プロレスリング 超戦士 ＩＮ 闘強導夢	バリエ	9800
389	1993/9/17	課長 島耕作 スーパービジネスアドベンチャー	ユタカ	9800
390	1993/9/17	ＮＦＬフットボール	コナミ	9000
391	1993/9/17	ファイナルセット	フォーラム	8500
392	1993/9/19	トルネコの大冒険 不思議のダンジョン	チュンソフト	9600
393	1993/9/22	戦国伝承	データイースト	8800
394	1993/9/22	マスターズ 遙かなるオーガスタ２	T&Eソフト	9900
395	1993/9/23	ＳＤ機動戦士ガンダム２	エンジェル	8800
396	1993/9/23	ＧＳ美神 除霊師はナイスバディ (ゴーストスイーパー美神）	バナレックス	8800
397	1993/9/24	ダライアスフォース	タイトー	8800
398	1993/9/24	ＧＯ！ＧＯ！ドッジリーグ	パック・イン・ビデオ	7800
399	1993/9/24	本格麻雀 徹萬	ナグザット	7800
400	1993/9/30	東尾修監修 スーパープロ野球スタジアム	徳間書店インターメディアカンパニー	8900
401	1993/10/1	ＴＲＩＮＥＡ -トリネア-	やのまん	9800
402	1993/10/1	レッド・オクトーバー	アルトロン	8800
403	1993/10/1	スーパー３Ｄベースボール	ジャレコ	12800
404	1993/10/8	バイキングの大迷惑	T&Eソフト	8800
405	1993/10/8	スーパー競走馬 風のシルフィード	キングレコード	9300
406	1993/10/15	スズカエイトアワーズ	ナムコ	8800
407	1993/10/21	スーパーカジノ シーザースパレス	ココナッツジャパンエンターテイメント	8900
408	1993/10/22	ミラクルガールズ ともみとみかげの不思議世界の大冒険	タカラ	8800
409	1993/10/22	ＡＲＣＵＳ ＳＰＩＲＩＴＳ (アークス・スピリッツ)	サミー	8900
410	1993/10/22	らんま１／２ 朱猫団的秘宝	東宝、小学館プロダクション	9800
411	1993/10/29	アクトレイザー２ 沈黙への聖戦	エニックス	9300
412	1993/10/29	龍虎の拳	ケイ・アミューズメントリース	9800
413	1993/10/29	装甲騎兵ボトムズ ザ・バトリングロード	タカラ	9800
414	1993/10/29	クラシック・ロード	ビクターエンタテインメント	9800
415	1993/10/29	スーパーチャイニーズワールド２	カルチャーブレーン	9800
416	1993/10/29	超時空要塞マクロス スクランブルバルキリー	バンプレスト、ザムス	8800
417	1993/10/29	ユートピア	エピック・ソニーレコード	9500
418	1993/10/29	はた山ハッチのパロ野球ニュース！実名版	エポック社	9800
419	1993/10/29	ジミーコナーズのプロテニスツアー	ミサワエンターテインメント	8900
420	1993/10/29	スーパーニチブツマージャン２ 全国制覇篇	日本物産	9800
421	1993/10/29	将棋 風林火山	ポニーキャニオン	8800
422	1993/11/5	アクタリオン	テクモ	8900
423	1993/11/5	ファイナルノックアウト	パック・イン・ビデオ	8800
424	1993/11/12	仮面ライダー	バンダイ	9800
425	1993/11/12	ＳｏｌｓｔｉｃｅⅡ(ソルスティス2)	エピック・ソニーレコード	9500
426	1993/11/12	ファイナル・ストレッチ	ロジーク	9800
427	1993/11/12	若貴大相撲 夢の兄弟対決	イマジニア	9800
428	1993/11/12	スーパーＵＮＯ	トミー	8500
429	1993/11/19	バトルマスター 究極の戦士たち	東芝EMI	9800
430	1993/11/19	イースIV Ｍａｓｋ ｏｆ Ｔｈｅ Ｓｕｎ	トンキンハウス	9800
431	1993/11/19	パチスロ ラブストーリー	ココナッツジャパンエンターテイメント	9800
432	1993/11/19	遊人 雀獣学園	バリエ	8900
433	1993/11/23	ＲＩＤＤＩＣＫ ＢＯＷＥ ＢＯＸＩＮＧ　（リディック･ボウ ボクシング）	マイクロネット	8400
434	1993/11/26	アルディライトフット	アスキー	9800
435	1993/11/26	アラジン	カプコン	9000
436	1993/11/26	餓狼伝説２	タカラ	9980
437	1993/11/26	アクセルブリッド	トミー	9800
438	1993/11/26	ヤダモン ワンダランドドリーム	徳間書店	8800
439	1993/11/26	スーパーＨ．Ｑ．クリミナルチェイサー	タイトー	8900
440	1993/11/26	アレサ(ＡＲＥＴＨＡ)	やのまん	9800
441	1993/11/26	Ｆ－１５スーパーストライクイーグル	アスミック	9600
442	1993/11/26	ダイナミックスタジアム	サミー	8500
443	1993/11/26	武田修宏のスーパーカップサッカー	ジャレコ	9500
444	1993/11/26	鬼塚勝也スーパーバーチャルボクシング	ソフエル	9800
445	1993/11/26	テクモスーパーボウル	テクモ	9800
446	1993/11/26	ＡＢＣマンデーナイトフットボール	データイースト	9000
447	1993/11/26	実戦パチスロ必勝法	サミー	9500
448	1993/11/27	ガイア幻想紀	エニックス	9800
449	1993/11/30	Ｓｏｕｌ＆Ｓｗｏｒｄ (ソウル アンド ソード)	バンプレスト、ザムス	9800
450	1993/12/2	スーパー麻雀２ 本格４人打ち	アイマックス	8800
451	1993/12/3	Ｔ．Ｍ．Ｎ．Ｔ．ミュータントウォーリアーズ	コナミ	9800
452	1993/12/3	ＮＢＡプロバスケットボール’９４ ブルズＶＳサンズ	EAV	9800
453	1993/12/3	スーパー究極ハリキリスタジアム	タイトー	9500
454	1993/12/3	喜国雅彦の雀闘士銅鑼王２	POW	8900
455	1993/12/9	信長の野望・覇王伝	光栄	12800
456	1993/12/10	プロック	アクティビジョンジャパン	8900
457	1993/12/10	クールスポット	ヴァージンゲーム	8900
458	1993/12/10	競馬エイトスペシャル (秘)馬券購入術	ミサワエンターテインメント	9000
459	1993/12/10	す～ぱ～ぷよぷよ	バンプレスト	8200
460	1993/12/10	ロマンシング サ・ガ２	スクウェア	9900
461	1993/12/10	Ｒ－ＴＹＰＥⅢ (アールタイプ3）	アイレム	9800
462	1993/12/10	白熱プロ野球’９４ガンバリーグ３	エピック・ソニーレコード	8900
463	1993/12/10	決戦！ドカポン王国Ⅳ 伝説の勇者たち	アスミック	8900
464	1993/12/17	ドラえもん２ のび太のトイズランド大冒険	エポック社	8000
465	1993/12/17	ロックマンＸ	カプコン	9500
466	1993/12/17	ラッシング・ビート修羅	ジャレコ	9700
467	1993/12/17	アルカエスト	スクウェア	8800
468	1993/12/17	ドラゴンボールZ 超武闘伝２	バンダイ	9800
469	1993/12/17	スーパー・スター・ウォーズ帝国の逆襲	ビクターエンタテインメント	9800
470	1993/12/17	ワンダラス マジック	アスキー	9800
471	1993/12/17	歴史大河RPG 夢幻の如く	インテック	9800
472	1993/12/17	ドラッキーの草やきう	イマジニアズーム	9800
473	1993/12/17	ダウンタウン熱血べーすぼーる物語	テクノスジャパン	9800
474	1993/12/17	パチンコウォーズ２	ココナッツジャパンエンターテイメント	9800
475	1993/12/17	ホーリーストライカー	ヘクト	8800
476	1993/12/18	ドラゴンクエストⅠ・Ⅱ	エニックス	9600
477	1993/12/22	がんばれ大工の源さん	アイレム	8900
478	1993/12/22	スペース・ファンキーＢ．Ｏ．Ｂ．	EAV	8900
479	1993/12/22	がんばれゴエモン２ 奇天烈将軍マッギネス	コナミ	9800
480	1993/12/22	フラッシュバック	サンソフト	9600
481	1993/12/22	キング・オブ・ザ・モンスターズ２	タカラ	9800
482	1993/12/22	ＢＩＮＧ ＢＩＮＧ！ＢＩＮＧＯ　（ビンビンビンゴ）	ケイエスエス	8900
483	1993/12/22	へべれけのぽぷーん	サンソフト	8200
484	1993/12/22	トップレーサー２	ケムコ	8500
485	1993/12/22	超ゴジラ	東宝	9800
486	1993/12/22	幽☆遊☆白書	ナムコ	9600
487	1993/12/22	エースをねらえ！	日本テレネット	9400
488	1993/12/24	モータルコンバット	アクレイム ジャパン	9800
489	1993/12/24	北斗の拳７ 聖剣列伝 伝承者への道	東映動画	9700
490	1993/12/24	リトルマジック	アルトロン	8900
491	1993/12/24	テトリス 武闘外伝	BPS	8000
492	1993/12/24	ヒューマングランプリ２	ヒューマン	9500
493	1993/12/24	モンスターメーカー３	ソフエル	9800
494	1993/12/24	新 桃太郎伝説	ハドソン	9800
495	1993/12/24	NFL プロフットボール’９４	EAV	9800
496	1993/12/25	美神伝説Ｚｏｋｕ	マジファクト	9800
497	1993/12/28	サッカーキッド	やのまん	8800
498	1993/12/28	全日本プロレスダッシュ 世界最強タッグ	日本コンピュータシステム	9800
499	1993/12/29	美少女戦士セーラームーンＲ	バンダイ	9800
500	1993/12/29	横山光輝 三国志Ⅱ	エンジェル	9800
501	1993/12/29	スーパーファイヤープロレスリング３ ファイナルバウト	ヒューマン	9700
502	1994/1/3	ロックンロールレーシング	ナムコ	7900
503	1994/1/7	ツインビー レインボーベルアドベンチャー	コナミ	9000
504	1994/1/7	バトルトード イン バトルマニアック	日本コンピュータシステム	9800
505	1994/1/7	ワールドクラスラグビー２ 国内激闘編’９３	ミサワエンターテインメント	9300
506	1994/1/8	スーパーピンボール ビハインド ザ マスク	メルダック	9800
507	1994/1/14	必勝７７７ファイター パチスロ竜宮伝説	バップ	9500
508	1994/1/21	スーパーテトリス２＋ボンブリス 限定版	BPS	8500
509	1994/1/21	ファイアーエムブレム 紋章の謎	任天堂	9800
510	1994/1/28	バスタード！ 暗黒の破壊神	コブラチーム	9800
511	1994/1/28	ザ・ニンジャウォーリアーズ アゲイン	タイトー	9300
512	1994/1/28	ザ・グレイトバトル外伝２ 祭だワッショイ	バンプレスト	9500
513	1994/1/28	ブレインロード	エニックス	9600
514	1994/1/28	ガイアセイバー ヒーロー最大の作戦	バンプレスト	9800
515	1994/1/28	鋼鉄の騎士２ 砂漠のロンメル軍団	アスミック	12800
516	1994/1/28	魔神転生	アトラス	9800
517	1994/2/4	オリビアのミステリー	アルトロン	9800
518	1994/2/4	スーパーファイヤープロレスリング３ イージータイプ	ヒューマン	7900
519	1994/2/4	伊藤果六段の将棋道場	アスク講談社	9600
520	1994/2/10	ウルフェンシュタイン３Ｄ	イマジニア	9800
521	1994/2/11	バーチャルウォーズ	ココナッツジャパンエンターテイメント	11000
522	1994/2/11	ソード・マニアック	東芝EMI	8800
523	1994/2/11	緋王伝 魔物達との誓い	ウルフ・チーム	11800
524	1994/2/11	トップマネジメントⅡ	光栄	14800
525	1994/2/11	スーパーヅガン ハコテン城からの招待状	EAV	8800
526	1994/2/18	迦楼羅王 (カルラオウ)	エピック・ソニーレコード	8900
527	1994/2/18	戦え原始人３ 主役はやっぱりＪＯＥ＆ＭＡＣ	データイースト	8500
528	1994/2/18	鉄腕アトム	バンプレスト、ザムス	9000
529	1994/2/18	ダービースタリオンⅡ	アスキー	12800
530	1994/2/18	デザートファイター	セタ	9800
531	1994/2/25	総合格闘技 アストラルバウト２	キングレコード	9700
532	1994/2/25	サイボーグ００９	ベック	8800
533	1994/2/25	宇宙レース アストロゴー！ゴー！	メルダック	9800
534	1994/2/25	Ｔ－２ ザ・アーケードゲーム	アクレイム ジャパン	8900
535	1994/2/25	大航海時代Ⅱ	光栄	11800
536	1994/2/25	ラモス瑠偉のワールドワイドサッカー	パック・イン・ビデオ	9500
537	1994/2/25	ストバスヤロウ将	ビーアイ	9000
538	1994/2/25	パチスロランド ぱちぱちコインの伝説	カロッツェリアジャパン	9800
539	1994/2/26	いただきストリート２ ネオンサインはバラ色に	エニックス	9800
540	1994/2/28	スーパー本命 ＧⅠ制覇	日本物産	9800
541	1994/3/4	ザ・キングオブドラゴンズ	カプコン	9800
542	1994/3/4	スーパーループス	イマジニア	8900
543	1994/3/4	カブキロックス	アトラス	9800
544	1994/3/4	ジーコ サッカー	EAV	9800
545	1994/3/4	スーパーファミスタ３	ナムコ	8800
546	1994/3/11	すごいへべれけ	サンソフト	8900
547	1994/3/11	機動戦士Vガンダム	バンダイ	9800
548	1994/3/11	ファーストクィーン オルニック戦記	カルチャーブレーン	9800
549	1994/3/11	ギャラクシーロボ	イマジニア	9800
550	1994/3/11	斬IIIスピリッツ	日本テレネット、ウルフ・チーム	12800
551	1994/3/11	実況パワフルプロ野球’９４	コナミ	9000
552	1994/3/11	リーサルエンフォーサーズ	コナミ	9800
553	1994/3/18	ソニックブラストマンⅡ	タイトー	9500
554	1994/3/18	ダービージョッキー　騎手王への道	アスミック	9800
555	1994/3/18	きんぎょ注意報！とびだせ！ゲーム学園	ジャレコ	9800
556	1994/3/18	真・女神転生Ⅱ	アトラス	9990
557	1994/3/18	アイ・オブ・ザ・ビホルダー	カプコン	12800
558	1994/3/18	イデアの日	ショウエイシステム	9700
559	1994/3/18	独立戦争	光栄	11800
560	1994/3/18	スーパーナグザットオープン ゴルフで勝負だどらぼっちゃん	ナグザット	9500
561	1994/3/18	Jリーグスーパーサッカー	ハドソン	9500
562	1994/3/18	スーパー人生ゲーム	タカラ	9800
563	1994/3/18	サイド・ポケット	データイースト	8500
564	1994/3/18	あさめしまえにゃんこ	バンプレスト、ザムス	8800
565	1994/3/18	ぎゅわんぶらあ自己中心派２ ドラポンクエスト	パック・イン・ビデオ	8900
566	1994/3/19	スーパーメトロイド	任天堂	9800
567	1994/3/25	メルファンドストーリーズ	アスキー	9800
568	1994/3/25	スペースエース	イマジニア	9800
569	1994/3/25	南国少年パプワくん	エニックス	8800
570	1994/3/25	スーパートロールアイランド	ケムコ	8900
571	1994/3/25	ザ ブルークリスタルロッド	ナムコ	9800
572	1994/3/25	あらいぐま ラスカル	日本コンピュータシステム	8900
573	1994/3/25	けろけろけろっぴの冒険日記	キャラクターソフト	6980
574	1994/3/25	シャドウラン	データイースト	9800
575	1994/3/25	剣勇伝説ヤイバ (YAIBA)	バンプレスト	9800
576	1994/3/25	スペースインベーダー　ＴＨＥ ＯＲＩＧＩＮＡＬ ＧＡＭＥ	タイトー	4980
577	1994/3/25	スーパーロボット大戦ＥＸ	バンプレスト	9800
578	1994/3/25	チャンピオンズ ワールドクラスサッカー	アクレイム ジャパン	8900
579	1994/3/25	ロックマンズサッカー	カプコン	9000
580	1994/3/25	スーパーホッケー’９４	ヨネザワ	8900
581	1994/3/25	スーパーリアル麻雀PIV	セタ	9800
582	1994/3/25	スーパー五目ならべ 連珠	ナグザット	8800
583	1994/3/26	テレビアニメ スラムダンク　四強激突！！	バンダイ	9800
584	1994/3/30	マッスルボマー	カプコン	9980
585	1994/3/30	真・麻雀	コナミ	9000
586	1994/3/31	アンドレ・アガシ テニス	日本物産	8800
587	1994/4/1	スーパー インディ チャンプ	フォーラム	9200
588	1994/4/1	スーパーダブル役満	バップ	9000
589	1994/4/2	ファイナルファンタジーⅥ	スクウェア	11400
590	1994/4/6	項劉記	光栄	12800
591	1994/4/8	紫炎 ザ・ブレイドチェイサー	ダイナミック企画	9600
592	1994/4/8	NHL プロホッケー’９４	EAV	9800
593	1994/4/8	スーパー囲碁 碁王	ナグザット	14800
594	1994/4/15	ピンクパンサー	アルトロン	9500
595	1994/4/15	ろくでなしＢＬＵＥＳ 対決！東京四天王	バンダイ	9800
596	1994/4/15	夢迷宮 きぐるみ大冒険	ヘクト	9800
597	1994/4/22	Ｆ－１ ＧＲＡＮＤ ＰＲＩＸ ＰＡＲＴⅢ	ビデオシステム	9900
598	1994/4/22	メルヘンアドベンチャー コットン１００％	データム・ポリスター	9300
599	1994/4/22	機動警察パトレイバー	ベック	9800
600	1994/4/28	らんま１／２ 超技乱舞篇	東宝、小学館プロダクション	9980
601	1994/4/28	スーパーボンバーマン２	ハドソン	8500
602	1994/4/28	笑っていいとも！タモリンピック	アテナ	9500
603	1994/4/28	ダイナマイト・ザ・ラスベガス	ヴァージンゲーム	8900
604	1994/4/28	平成イヌ物語バウ ポップンスマッシュ！！	タカラ	7800
605	1994/4/28	スーパーパチスロマージャン	日本物産	9500
606	1994/4/28	フォーチュン・クエスト ダイスをころがせ！	バンプレスト、ザムス	9800
607	1994/4/29	新・熱血硬派 くにおたちの挽歌	テクノスジャパン	9800
608	1994/4/29	ダークキングダム	日本テレネット	9800
609	1994/4/29	ＮＢＡ ＪＡＭ (ジャム)	アクレイム ジャパン	9800
610	1994/4/29	ナイス ＤＥ ショット	アスク講談社	9800
611	1994/5/1	Ｊリーグエキサイトステージ’９４	エポック社	9800
612	1994/5/13	伊達公子のバーチャルテニス	ビーアイ	9000
613	1994/5/20	パチ夫くんＳＰＥＣＩＡＬ２	ココナッツジャパンエンターテイメント	9980
614	1994/5/27	ファイターズヒストリー	データイースト	9800
615	1994/5/27	クレヨンしんちゃん２ 大魔王の逆襲	バンダイ	6800
616	1994/5/27	競馬予想 馬券錬金術	ケイエスエス	9500
617	1994/5/27	くにおのおでん	テクノスジャパン	6900
618	1994/5/27	ドリフトキング　首都高バトル’９４ 土屋圭市＆坂東正明	BPS	9800
619	1994/5/27	スーパーバトルタンク２	パック・イン・ビデオ	9800
620	1994/5/27	ＳＤガンダムＧＸ	バンダイ	9800
621	1994/6/4	ワイルドトラックス	任天堂	9800
622	1994/6/8	サラブレッドブリーダーⅡ	ヘクト	12800
623	1994/6/10	ナイツ オブ ザ ラウンド	カプコン	9500
624	1994/6/10	幽☆遊☆白書２ 格闘の章	ナムコ	9600
625	1994/6/10	ぽっぷるメイル	日本ファルコム	8800
626	1994/6/14	スーパーゲームボーイ	任天堂	7000
627	1994/6/17	ＳＤ飛龍の拳	カルチャーブレーン	9800
628	1994/6/17	奇々怪界-月夜草子-	ナツメ	9500
629	1994/6/17	やまねこバブジーの大冒険	パック・イン・ビデオ	9800
630	1994/6/17	スーパー４ＷＤ ＴＨＥ ＢＡＪＡ(バハ)	日本物産	8800
631	1994/6/17	ウルティマ外伝 黒騎士の陰謀	EAV	9800
632	1994/6/17	ワールドカップストライカー	ココナッツジャパンエンターテイメント	9980
633	1994/6/17	スーパーフォーメーションサッカー’９４	ヒューマン	9800
634	1994/6/17	ＦＩＦＡ インターナショナル・サッカー	ビクターエンタテインメント	9800
635	1994/6/17	スーパー将棋２	アイマックス	9800
636	1994/6/24	バックス・バニー はちゃめちゃ大冒険	サンソフト	9200
637	1994/6/24	ジュラシック・パーク	ジャレコ	9800
638	1994/6/24	ジグザグキャット ダチョウ倶楽部も大騒ぎダ	DEN'Z	9500
639	1994/6/24	スレイヤーズ	バンプレスト	9800
640	1994/6/24	スーパードッグファイト	パック・イン・ビデオ	9800
641	1994/6/24	スーパービリヤード	イマジニア	9800
642	1994/6/25	スーパーストリートファイターⅡ	カプコン	10900
643	1994/6/25	ブランディッシュ	光栄	10800
644	1994/6/25	全日本プロレス ファイトだポン！	日本コンピュータシステム	9800
645	1994/6/28	テコンドー	ヒューマン	8900
646	1994/7/1	ワールドヒーローズ２	ザウルス	9980
647	1994/7/1	遊人のふりふりガールズ	POW	8900
648	1994/7/8	美女と野獣	ハドソン	8500
649	1994/7/8	テトリスフラッシュ	BPS	8000
650	1994/7/8	スラップスティック	エニックス	9600
651	1994/7/8	ドラッキーのAりーぐさっかー	イマジニアズーム	9800
652	1994/7/8	つり太郎	パック・イン・ビデオ	9800
653	1994/7/15	バトルＺＥＱＵＥ伝(ゼクウ)	アスミック	9800
654	1994/7/15	ジャングルブック	ヴァージンゲーム	9800
655	1994/7/15	キーパー	データム・ポリスター	7200
656	1994/7/15	美少女戦士セーラームーンＳ こんどはパズルでおしおきよ！	バンダイ	6800
657	1994/7/15	スーパーＦ１サーカス３	日本物産	9900
658	1994/7/15	ソード・ワールドＳＦＣ２　いにしえの巨人伝説	T&Eソフト	9900
659	1994/7/15	サンサーラ・ナーガ２	ビクターエンタテインメント	9800
660	1994/7/15	歌舞伎町リーチ麻雀 東風戦	ポニーキャニオン	8800
661	1994/7/15	パチスロ研究	魔法	9500
662	1994/7/22	グーフィーとマックス 海賊島の大冒険	カプコン	7800
663	1994/7/22	超原人	ハドソン	8800
664	1994/7/22	ジグソーパーティ	ホリ電機	8200
665	1994/7/22	ゼロヨンチャンプＲＲ	メディアリング	9980
666	1994/7/22	ファイプロ女子オールスタードリームスラム	ヒューマン	9500
667	1994/7/22	プロ麻雀 極Ⅱ	アテナ	9800
668	1994/7/28	スーパーウルトラベースボール２	カルチャーブレーン	9800
669	1994/7/29	ズールのゆめぼうけん	インフォコム	8800
670	1994/7/29	餓狼伝説ＳＰＥＣＩＡＬ	タカラ	10900
671	1994/7/29	ロードランナーツイン ジャスティとリバティの大冒険	T&Eソフト	8800
672	1994/7/29	天使の詩 白き翼の祈り	日本テレネット	9980
673	1994/7/29	ワールドカップUSA’９４	サンソフト	9800
674	1994/7/29	ハットトリックヒーロー２	タイトー	8900
675	1994/7/29	甲子園３	魔法	9800
676	1994/7/29	スーパーパチンコ	アイマックス	9800
677	1994/7/29	パチスロ物語ユニバーサル・スペシャル	ケイエスエス	9800
678	1994/7/29	スーパーニチブツマージャン３ 吉本劇場篇	日本物産	10800
679	1994/8/3	スーパーパワーリーグ２	ハドソン	9800
680	1994/8/5	Ｇ２ ジェノサイド	ケムコ	9800
681	1994/8/5	すーぱー忍者くん	ジャレコ	7900
682	1994/8/5	アリョール うごく絵Ver2.0	アルトロン	9800
683	1994/8/5	魔法ぽいぽい ぽいっと！	タカラ	8800
684	1994/8/5	鬼神降臨伝ＯＮＩ	バンプレスト	9800
685	1994/8/5	スーパー高校野球 一球入魂	アイマックス	9800
686	1994/8/5	Jリーグサッカー プライムゴール２	ナムコ	8800
687	1994/8/5	スーパー花札	アイマックス	8800
688	1994/8/5	Ｐｉｎｂａｌｌ ＰＩＮＢＡＬＬ	ココナッツジャパンエンターテイメント	9980
689	1994/8/12	ザ・フリントストーンズ	タイトー	8500
690	1994/8/12	レミングス２	サンソフト	9800
691	1994/8/12	ＷＩＬＤ ＧＵＮＳ (ワイルド ガンズ)	ナツメ	9200
692	1994/8/12	スーパー三國志	光栄	9800
693	1994/8/12	スーパー究極ハリキリスタジアム２	タイトー	9500
694	1994/8/12	新日本プロレスリング’９４ バトルフィールド ＩＮ 闘強導夢	バリエ	11800
695	1994/8/12	スーパーファイナルマッチテニス	ヒューマン	8900
696	1994/8/12	ポパイ いじわる魔女シーハッグの巻	テクノスジャパン	9500
697	1994/8/19	麻雀悟空 天竺	シャノアール	9800
698	1994/8/19	必勝７７７ファイターⅡ パチスロ(秘)情報	バップ	9500
699	1994/8/26	アップルシード プロメテウスの神託	ヴィジット	9800
700	1994/8/26	押忍！！ 空手部	カルチャーブレーン	10800
701	1994/8/26	スーパードラッケン	ケムコ	9800
702	1994/8/26	松村邦洋伝 最強の歴史をぬりかえろ！	ショウエイシステム	9900
703	1994/8/26	ハロー！パックマン	ナムコ	8300
704	1994/8/26	サイバーナイトⅡ 地球帝国の野望	トンキンハウス	9900
705	1994/8/26	横綱物語	ケイエスエス	9800
706	1994/8/27	MOTHER２ ギーグの逆襲 (マザー２）	任天堂	9800
707	1994/8/31	サンリオ上海	キャラクターソフト	6980
708	1994/8/31	へべれけのおいしいパズルはいりませんか	サンソフト	8900
709	1994/9/2	ライブ・ア・ライブ	スクウェア	9900
710	1994/9/9	ザ・ファイヤーメン	ヒューマン	9300
711	1994/9/9	チョップリフターⅢ	ビクターエンタテインメント	7800
712	1994/9/15	スパークスター	コナミ	9800
713	1994/9/15	上海Ⅲ	サンソフト	8900
714	1994/9/16	おでかけレスタ～れれれのれ	アスミック	8900
715	1994/9/16	リーディングジョッキー	カロッツェリアジャパン	9800
716	1994/9/16	実戦パチスロ必勝法２	サミー	9980
717	1994/9/18	ジャングルの王者ターちゃん 世界漫遊大格闘の巻	バンダイ	8800
718	1994/9/20	描いて・作って・遊べる デザエモン	アテナ	12900
719	1994/9/21	カービィボウル	任天堂	7900
720	1994/9/22	サムライスピリッツ	タカラ	10900
721	1994/9/22	リブルラブル	ナムコ	6300
722	1994/9/22	中嶋悟監修 Ｆ－１ ＨＥＲＯ’９４	バリエ	9800
723	1994/9/22	ウィザップ！ 暗黒の王	アスキー	9900
724	1994/9/22	ラリー・ニクソン・スーパー・バスフィッシング	キングレコード	9800
725	1994/9/22	スーパーフォーメーションサッカー’９４ ワールドカップファイナルデータ	ヒューマン	9800
726	1994/9/22	本家　花札	イマジニア	9800
727	1994/9/23	ゴーストチェイサー 電精	バンプレスト	9800
728	1994/9/23	アンジェリーク	光栄	9800
729	1994/9/23	スーパーブラックバス２	スターフィッシュデータ	9800
730	1994/9/23	ＴＯＫＯＲＯ’Ｓ マージャン	ビック東海	9500
731	1994/9/23	麻雀戦国物語	四次元	9300
732	1994/9/29	ドラゴンボールZ 超武闘伝３	バンダイ	9800
733	1994/9/30	クラッシュ・ダミー	アクレイム ジャパン	8900
734	1994/9/30	バーチャルバート	アクレイム ジャパン	9800
735	1994/9/30	競馬エイトスペシャル２	イマジニア	9980
736	1994/9/30	タイニー・トゥーンアドベンチャーズ～ドタバタ大運動会～	コナミ	9000
737	1994/9/30	バイク大好き！走り屋魂	日本コンピュータシステム	9600
738	1994/9/30	ヒューマングランプリ３ Ｆ１トリプルバトル	ヒューマン	10500
739	1994/9/30	ダウン・ザ・ワールド	アスキー	9800
740	1994/9/30	天龍源一郎のプロレスレヴォリューション	ジャレコ	9800
741	1994/9/30	バークレーのパワーダンク	DEN'Z	9200
742	1994/9/30	麻雀大会Ⅱ	光栄	9800
743	1994/10/7	ノスフェラトゥ	セタ	9800
744	1994/10/7	ＭＲ．ＮＵＴＺ	ソフエル	8800
745	1994/10/7	シヴィライゼーション 世界七大文明	アスミック	12800
746	1994/10/14	豪血寺一族	アトラス	10500
747	1994/10/14	UFO仮面 ヤキソバン  ケストラーの黒い陰謀	DEN'Z	5890
748	1994/10/15	パチンコファン 勝利宣言	POW	9800
749	1994/10/16	下野正希のＦｉｓｈｉｎｇ Ｔｏ Ｂａｓｓｉｎｇ	ナツメ	9800
750	1994/10/19	はらぺこバッカ	魔法	4980
751	1994/10/21	デモンズ・ブレイゾン　魔界村紋章編	カプコン	9800
752	1994/10/21	キッドクラウンのクレイジーチェイス	ケムコ	8800
753	1994/10/21	スーパーファミリーサーキット	ナムコ	8800
754	1994/10/21	ヘラクレスの栄光IV 神々からの贈り物	データイースト	9900
755	1994/10/21	船木誠勝ＨＹＢＲＩＤ ＷＲＥＳＴＬＥＲ 闘技伝承	テクノスジャパン	9800
756	1994/10/21	スーパーラグビー	トンキンハウス	9000
757	1994/10/21	必殺パチンココレクション	サンソフト	9800
758	1994/10/21	本格麻雀 徹萬Ⅱ	ナグザット	8900
759	1994/10/28	化学者ハリーの波乱万丈	アルトロン	8900
760	1994/10/28	少年忍者サスケ	サンソフト	9800
761	1994/10/28	爆投ドッチャーズ バンプス島は大さわぎ	BPS	8500
762	1994/10/28	スーパーカジノ２	ココナッツジャパンエンターテイメント	9800
763	1994/10/28	ドラッキーのパズルツアー’９４	イマジニアズーム	8200
764	1994/10/28	真・女神転生if…	アトラス	9990
765	1994/10/28	イルバニアンの城	日本クラリービジネス	9980
766	1994/10/28	フェーダ(ＦＥＤＡ) エンブレム オブ ジャスティス	やのまん	9990
767	1994/10/28	テクモスーパーベースボール	テクモ	9800
768	1994/10/28	マルチプレイバレーボール	パック・イン・ビデオ	8900
769	1994/10/28	ＤＥＡＲ ＢＯＹＳ	ユタカ	9800
770	1994/10/28	卒業番外篇 ねぇ麻雀しよ！	ケイエスエス	9800
771	1994/10/28	本格派囲碁 碁聖	タイトー	14800
772	1994/10/28	ＳＡＮＫＹＯ Ｆｅｖｅｒ！フィーバー！	日本テレネット	9800
773	1994/11/11	モータルコンバットⅡ 究極神拳	アクレイム ジャパン	11800
774	1994/11/11	ミッキーとミニー マジカルアドベンチャー２	カプコン	9500
775	1994/11/11	ファイヤー・ファイティング	ジャレコ	9890
776	1994/11/11	ゴン	バンダイ	8800
777	1994/11/11	実況ワールドサッカー ＰＥＲＦＥＣＴ ＥＬＥＶＥＮ	コナミ	9980
778	1994/11/18	鋼 ＨＡＧＡＮＥ	ハドソン	9500
779	1994/11/18	パニックイン なかよしワールド	バンダイ	6800
780	1994/11/18	花の慶次-雲のかなたに-	四次元	9800
781	1994/11/18	中野浩一監修 競輪王	ココナッツジャパンエンターテイメント	9980
782	1994/11/18	ツヨシしっかりしなさい 対戦ぱずるだま	コナミ	8500
783	1994/11/18	ＧＰ－１ ＲＳ（ラピッドストリーム）	アトラス	9800
784	1994/11/18	マグナブラバン 遍歴の勇者	アスク講談社	9800
785	1994/11/18	ウルティマⅦ ザ・ブラックゲート	ポニーキャニオン	9800
786	1994/11/18	ミリティア	ナムコ	8800
787	1994/11/18	ドリームバスケットボール ＤＵＮＫ＆ＨＯＯＰ	ヒューマン	9600
788	1994/11/18	モンスターメーカーキッズ 王様になりたい	ソフエル	9200
789	1994/11/18	スーパー五目・将棋 定跡研究篇	日本物産	9500
790	1994/11/18	パチンコ(秘)必勝法	バップ	9800
791	1994/11/18	遊人 雀獣学園２	バリエ	9800
792	1994/11/25	かまいたちの夜	チュンソフト	10800
793	1994/11/25	なるほど！ザ・ワールド	トミー	9500
794	1994/11/25	ノンタンといっしょ くるくるぱずる	ビクターエンタテインメント	7800
795	1994/11/25	極上パロディウス	コナミ	9800
796	1994/11/25	武田修宏のスーパーリーグサッカー	ジャレコ	9800
797	1994/11/25	バトルサッカー２	バンプレスト	8800
798	1994/11/25	全国高校サッカー	四次元	9800
799	1994/11/25	スーパー麻雀３ 辛口	アイマックス	9800
800	1994/11/25	元祖パチスロ日本一	ココナッツジャパンエンターテイメント	9980
801	1994/11/25	大爆笑人生劇場 大江戸日記	タイトー	9000
802	1994/11/25	ただいま勇者募集中 おかわり	ヒューマン	9900
803	1994/11/26	スーパードンキーコング	任天堂	9800
804	1994/12/2	制服伝説 プリティファイター	イマジニア	9980
805	1994/12/2	ストリートレーサー	UBIソフト	9200
806	1994/12/2	ブレス オブ ファイアⅡ 使命の子	カプコン	9980
807	1994/12/2	ザ・ラストバトル	テイチク	9800
808	1994/12/2	アレサⅡ(ＡＲＥＴＨＡ２) アリエルの不思議な旅	やのまん	9900
809	1994/12/2	ドカポン３・２・１ 嵐を呼ぶ友情	アスミック	9600
810	1994/12/9	ライオン・キング	ヴァージンゲーム	9980
811	1994/12/9	ゴジラ 怪獣大決戦	東宝	9980
812	1994/12/9	ワンダープロジェクトJ 機械の少年ピーノ	エニックス	11800
813	1994/12/9	牌砦	タカラ	8800
814	1994/12/9	バトルクロス	イマジニア	9800
815	1994/12/9	ヴォルテックス	パック・イン・ビデオ	9900
816	1994/12/9	三國志Ⅳ	光栄	14800
817	1994/12/9	キャプテン翼Ｖ 覇者の称号カンピオーネ	テクモ	9980
818	1994/12/9	すごろクエスト＋＋-ダイスニクス-	テクノスジャパン	9900
819	1994/12/9	スーパー桃太郎電鉄Ⅲ	ハドソン	9500
820	1994/12/16	ドラえもん３  のび太と時の宝玉	エポック社	9500
821	1994/12/16	美少女戦士セーラームーンＳ 場外乱闘！？ 主役争奪戦	エンジェル	9980
822	1994/12/16	ロックマンＸ２	カプコン	9800
823	1994/12/16	がんばれゴエモン３ 獅子重禄兵衛のからくり卍固め	コナミ	9800
824	1994/12/16	ミッキーの東京ディズニーランド大冒険	トミー	9800
825	1994/12/16	ワギャンパラダイス	ナムコ	8800
826	1994/12/16	どっすん！岩石バトル	アイマックス	8800
827	1994/12/16	スーパーテトリス３	BPS	8500
828	1994/12/16	スーパースネーキー	四次元	7800
829	1994/12/16	ナイジェルマンセル・インディカー	アクレイム ジャパン	10900
830	1994/12/16	ＦＵＬＬ ＰＯＷＥＲ	ココナッツジャパンエンターテイメント	11000
831	1994/12/16	海釣り名人～スズキ編～	EAV	9800
832	1994/12/16	ＮＢＡ ＬＩＶＥ’９５	EAV	9800
833	1994/12/16	スーパーレッスルエンジェルス	イマジニア	9980
834	1994/12/16	蒼き伝説 シュート！	ケイエスエス	10800
835	1994/12/16	スーパーフィッシング ビッグファイト	ナグザット	9800
836	1994/12/16	スキーパラダイスＷＩＴＨスノーボード	パック・イン・ビデオ	8900
837	1994/12/16	ビッグ一撃！パチスロ大攻略	アスク講談社	9800
838	1994/12/16	花札王	ココナッツジャパンエンターテイメント	8980
839	1994/12/16	祇園花	日本物産	7980
840	1994/12/16	必勝！パチスロファン	POW	9800
841	1994/12/16	スーパー詰将棋１０００	ボトムアップ	9800
842	1994/12/17	ザ・グレイトバトルⅣ	バンプレスト	9600
843	1994/12/20	テクモスーパーボウルⅡ ＳＰＥＣＩＡＬ ＥＤＩＴＩＯＮ	テクモ	9980
844	1994/12/21	龍虎の拳２	ザウルス	10900
845	1994/12/21	岡本綾子とマッチプレイゴルフ　コ･オリナゴルフクラブINハワイ	ツクダオリジナル	9700
846	1994/12/22	アニマル武乱伝 ブルータル	ケムコ	9800
847	1994/12/22	ライズ オブ ザ ロボッツ	T&Eソフト	10900
848	1994/12/22	ポコニャン！ へんぽこりんアドベンチャー	東宝	8800
849	1994/12/22	バトルジョッキー	ヴァージンゲーム	9800
850	1994/12/22	はしれ へべれけ	サンソフト	9500
851	1994/12/22	大貝獣物語	ハドソン	10900
852	1994/12/22	覇王大系リューナイトト ロード･オブ･パラディン	バンダイ	9800
853	1994/12/22	アルバートオデッセイ２ 邪神の胎動	サンソフト	9980
854	1994/12/22	幽☆遊☆白書 特別篇	ナムコ	9800
855	1994/12/22	パワー オブ ザ ハイアード	日本コンピュータシステム	9800
856	1994/12/22	スーパー・キャッスルズ	ビクターエンタテインメント	9800
857	1994/12/22	サンスポフィッシング 渓流王	イマジニア	9980
858	1994/12/22	ウルトラベースボール実名版２	カルチャーブレーン	9800
859	1994/12/22	スーパーファイヤープロレスリング スペシャル	ヒューマン	11500
860	1994/12/22	本格将棋 風雲児龍王	ヴァージンゲーム	9800
861	1994/12/22	横山光輝 三国志盤戯 スゴロク英雄記	エンジェル	9800
862	1994/12/22	元祖パチンコ王	ココナッツジャパンエンターテイメント	9980
863	1994/12/22	麻雀倶楽部	ヘクト	4980
864	1994/12/23	海腹川背	TNN	9800
865	1994/12/23	ＧＯ ＧＯ ＡＣＫＭＡＮ	バンプレスト	9000
866	1994/12/23	ＪＷＰ女子プロレス ピュア・レッスル・クイーンズ	ジャレコ	9800
867	1994/12/23	スーパー燃えろ！！ プロ野球	ジャレコ	9800
868	1994/12/23	パチスロ勝負師(ギャンブラー)	日本物産	8980
869	1994/12/27	ルパン三世 伝説の秘宝を追え！	エポック社	9800
870	1994/12/27	機動武闘伝Ｇガンダム	バンダイ	9800
871	1994/12/29	デュアルオーブⅡ	アイマックス	10800
872	1994/12/30	スーパーヅガン２ ツカンポファイター	J・ウイング	9980
873	1995/1/3	Ｘ－ＭＥＮ	カプコン	9980
874	1995/1/3	ボンカーズ-ハリウッド大作戦！	カプコン	8500
875	1995/1/3	スーパーチャイニーズファイター	カルチャーブレーン	9800
876	1995/1/3	パックインタイム	ナムコ	7900
877	1995/1/3	高橋名人の大冒険島Ⅱ	ハドソン	9500
878	1995/1/3	ＹＯＧＩ ＢＥＡＲ	マジファクト	8800
879	1995/1/13	パズルボブル	タイトー	6800
880	1995/1/13	ギャラクシーウォーズ	イマジニア	5980
881	1995/1/13	わくわくスキー わんだあシュプール	ヒューマン	9600
882	1995/1/13	実戦！麻雀指南	アスク講談社	9800
883	1995/1/13	雀遊記 悟空乱打	ヴァージンゲーム	8900
884	1995/1/20	ダービースタリオンⅢ	アスキー	12800
885	1995/1/20	マイケル・アンドレッティ インディカーチャレンジ	BPS	9800
886	1995/1/20	スターダストスープレックス	バリエ	9980
887	1995/1/27	ウルヴァリン	アクレイム ジャパン	10900
888	1995/1/27	鋼鉄の騎士３　突撃ヨーロッパ戦線	アスミック	12800
889	1995/1/27	みらくるカジノパラダイス	カロッツェリアジャパン	9800
890	1995/1/27	パチンコ物語２ 名古屋シャチホコの帝王	ケイエスエス	9800
891	1995/1/27	キテレツ大百科 超時空すごろく	ビデオシステム	8900
892	1995/2/3	放課後 ｉｎ Ｂｅｐｐｉｎ 女学院	イマジニア	9980
893	1995/2/10	アイアンコマンドー 鋼鉄の戦士	ポッポ	9800
894	1995/2/10	ザ・心理ゲーム２ マジカルトリップ	ヴィジット	8800
895	1995/2/10	ジャムズ	カロッツェリアジャパン	7800
896	1995/2/10	だるま道場	DEN'Z	8800
897	1995/2/10	機動戦士ガンダム クロスディメンション００７９	バンダイ	9800
898	1995/2/10	さいばらりえこのまあじゃんほうろうき	タイトー	9800
899	1995/2/13	ＢＳ－Ｘ  それは名前を盗まれた街の物語	任天堂	18000
900	1995/2/17	ファイターズヒストリー 溝口危機一髪	データイースト	9900
901	1995/2/17	ヤムヤム	バンダイ	9800
902	1995/2/17	タイムコップ	ビクターエンタテインメント	9800
903	1995/2/17	提督の決断Ⅱ	光栄	14800
904	1995/2/17	柏木重孝のＴＯＰ ＷＡＴＥＲ ＢＡＳＳＩＮＧ (トップウォーターバッシング)	バップ	14800
905	1995/2/17	チェスマスター	アルトロン	9800
906	1995/2/17	銀玉親方の実戦パチンコ必勝法	サミー	10500
907	1995/2/19	魔神転生Ⅱ スパイラルネメシス	アトラス	10800
908	1995/2/24	クラシック・ロードⅡ	ビクターエンタテインメント	12800
909	1995/2/24	Ｔｕｒｆ Ｍｅｍｏｒｉｅｓ	ベック	11600
910	1995/2/24	美少女戦士セーラームーンS くるっくりん	バンダイ	6800
911	1995/2/24	ドリフトキング　首都高バトル２	BPS	9800
912	1995/2/24	スーパードリフトアウト	ビスコ	9980
913	1995/2/24	エストポリス伝記Ⅱ	タイトー	9980
914	1995/2/24	ＦＲＯＮＴ ＭＩＳＳＩＯＮ　（フロントミッション）	スクウェア	11400
915	1995/2/24	ＮＡＧＥ ＬＩＢＲＥ 静寂の水深	バリエ	9800
916	1995/2/24	ファーランドストーリー	バンプレスト	10800
917	1995/2/24	ＮＦＬ クォーターバッククラブ’９５	アクレイム ジャパン	11800
918	1995/2/24	ＮＢＡ ＪＡＭ トーナメントエディション	アクレイム ジャパン	11800
919	1995/2/24	実況パワフルプロ野球２	コナミ	9980
920	1995/2/24	テレビアニメ スラムダンク２　IH予選完全版！！	バンダイ	10800
921	1995/2/24	ＨＥＩＷＡパチンコワールド	ショウエイシステム	9900
922	1995/2/24	バトルピンボール	バンプレスト	6800
923	1995/2/24	将棋倶楽部	ヘクト	8800
924	1995/2/25	おとぼけ忍者コロシアム	インテック	8800
925	1995/2/25	永遠のフィレーナ	徳間書店インターメディアカンパニー	9800
926	1995/3/1	スーパーボンバーマン ぱにっくボンバーＷ	ハドソン	8900
927	1995/3/3	アンダーカバーコップス	バリエ	9800
928	1995/3/3	スーパーエアダイバー２	アスミック	9800
929	1995/3/3	スーパーファミスタ４	ナムコ	9500
930	1995/3/4	スーパーマッドチャンプ	ツクダオリジナル	9600
931	1995/3/4	ラストバイブルⅢ	アトラス	10800
932	1995/3/10	マジカルポップン	パック・イン・ビデオ	9800
933	1995/3/11	クロノ・トリガー	スクウェア	11400
934	1995/3/17	スパイダーマン リーサルフォーズ	エポック社	9800
935	1995/3/17	キャプテンコマンドー	カプコン	9800
936	1995/3/17	負けるな！魔剣道２ 決めろ！妖怪総理大臣	データム・ポリスター	9500
937	1995/3/17	スプリンター物語 めざせ一攫千金	バップ	12800
938	1995/3/17	スーパーボンブリス	BPS	7500
939	1995/3/17	おらがランド主催 ベストファーマー収穫祭	ビック東海	7800
940	1995/3/17	バトルレーサーズ	バンプレスト	9800
941	1995/3/17	熱血大陸バーニングヒーローズ	エニックス	10800
942	1995/3/17	ラブクエスト	徳間書店インターメディアカンパニー	9800
943	1995/3/17	第４次スーパーロボット大戦	バンプレスト	12800
944	1995/3/17	Jリーグスーパーサッカー’９５ 実況スタジアム	ハドソン	9980
945	1995/3/17	スーパー雀豪	ビクターエンタテインメント	9800
946	1995/3/17	スーパーピンボール２ ザ・アメージングオデッセイ	メルダック	9800
947	1995/3/18	ウイニングポスト２	光栄	12800
948	1995/3/21	ＴＵＲＦ ＨＥＲＯ	テクモ	12800
949	1995/3/24	ロックマン７ 宿命の対決！	カプコン	9800
950	1995/3/24	幽☆遊☆白書ＦＩＮＡＬ 魔界最強列伝	ナムコ	9800
951	1995/3/24	ドラゴンボールＺ 超悟空伝 突撃編	バンダイ	10800
952	1995/3/24	スーパー馬券王’９５	テイチク	9980
953	1995/3/24	ジ・アトラス	パック・イン・ビデオ	10800
954	1995/3/24	高速思考 将棋皇	イマジニア	12800
955	1995/3/24	必殺パチンココレクション２	サンソフト	9980
956	1995/3/25	エミット ｖｏｌ．１ 時の迷子	光栄	11800
957	1995/3/25	エミット ｖｏｌ．２ 命がけの旅	光栄	11800
958	1995/3/25	エミット ｖｏｌ．３ 私にさよならを	光栄	11800
959	1995/3/30	復刻版 スーパー三國志Ⅱ	光栄	9800
960	1995/3/30	京楽・三洋・豊丸 Ｐａｒｌｏｒ！パーラー！　（パーラーパーラー）	日本テレネット	11800
961	1995/3/31	ミッキーマニア	カプコン	9500
962	1995/3/31	であえ殿様 あっぱれ一番	サンソフト	9800
963	1995/3/31	エスパークス 異次空からの来訪者	トミー	9500
964	1995/3/31	ＲＰＧツクール ＳＵＰＥＲ ＤＡＮＴＥ	アスキー	9800
965	1995/3/31	最高速思考 将棋・麻雀	バリエ	9800
966	1995/3/31	旧約・女神転生	アトラス	10800
967	1995/3/31	史上最強リーグ セリエＡ Ａｃｅ Ｓｔｒｉｋｅｒ	TNN	9980
968	1995/3/31	スーパーフォーメーションサッカー’９５ ｄｅｌｌａ セリエＡ	ヒューマン	9980
969	1995/3/31	近代麻雀スペシャル	イマジニア	9800
970	1995/3/31	ザ・モノポリーゲーム２	トミー	11500
971	1995/3/31	羽生名人のおもしろ将棋	トミー	12000
972	1995/4/1	レディーストーカー 過去からの挑戦	タイトー	9980
973	1995/4/7	全日本プロレス２ ３・４武闘館	日本コンピュータシステム	10080
974	1995/4/10	Ｇｅｔ ｉｎ ｔｈｅ ｈｏｌｅ (レーザーバーディー付属カセット）	リコー	46800
975	1995/4/14	ＲＥＳ ＡＲＣＡＮＡ ディアーナ・レイ 占いの迷宮	ココナッツジャパンエンターテイメント	9500
976	1995/4/14	ぱずるんでス！	日本物産	8980
977	1995/4/21	なつきクライシスバトル	エンジェル	10800
978	1995/4/21	魔法陣グルグル	エニックス	10800
979	1995/4/21	アレサ外伝 リジョイス アレサ王国の彼方	やのまん	9900
980	1995/4/21	真・聖刻 ラ・ワース	ユタカ	9800
981	1995/4/21	ママレード・ボーイ	バンダイ	9800
982	1995/4/21	新ＳＤ戦国伝 大将軍列伝	ベック	9800
983	1995/4/21	タクティカルサッカー	EAV	9800
984	1995/4/21	スーパーリアル麻雀PVパラダイス オールスター４人打ち	セタ	9800
985	1995/4/21	宮路社長のパチンコファン勝利宣言２	POW	9800
986	1995/4/21	スーパートランプコレクション	ボトムアップ	8900
987	1995/4/28	トゥルーライズ	アクレイム ジャパン	10900
988	1995/4/28	スーパーボンバーマン３	ハドソン	8900
989	1995/4/28	ストーンプロテクターズ	ケムコ	9800
990	1995/4/28	３次元格闘ボールズ	メディアリング	9800
991	1995/4/28	タロットミステリー	ヴィジット	9800
992	1995/4/28	プラネットチャンプ　ＴＧ３０００	ケムコ	9500
993	1995/4/28	Ｊリーグエキサイトステージ’９５	エポック社	9800
994	1995/4/28	川のぬし釣り２	パック・イン・ビデオ	10800
995	1995/4/28	シミュレーションプロ野球	ヘクト	12800
996	1995/4/28	牌勢麻雀 凌駕	アスキー	12800
997	1995/4/28	初段位認定 初段プロ麻雀	ギャップス	9800
998	1995/4/28	スーパーパチンコ大戦	バンプレスト	6900
999	1995/5/19	スヌーピーコンサート	三井不動産、電通	9800
1000	1995/5/19	バトルタイクーン	ライトスタッフ	10980
1001	1995/5/19	スーパー競馬２	アイマックス	11800
1002	1995/5/19	シンジケート	EAV	9800
1003	1995/5/26	ウォーロック	アクレイム ジャパン	10900
1004	1995/5/26	スターゲイト	アクレイム ジャパン	10900
1005	1995/5/26	スパークワールド	DEN'Z	8500
1006	1995/5/26	グール・パトロール	ビクターエンタテインメント	8800
1007	1995/5/26	コンピュータ脳力解析 ウルトラ馬券	カルチャーブレーン	12800
1008	1995/5/26	ニチブツ アーケードクラシックス	日本物産	5980
1009	1995/5/26	す～ぱ～なぞぷよ ルルーのルー	バンプレスト	9200
1010	1995/5/26	シムシティ２０００	イマジニア	12800
1011	1995/5/26	早指し二段 森田将棋２	セタ	14900
1012	1995/5/26	パチンコ連チャン天国 スーパーＣＲスペシャル	バップ	9800
1013	1995/6/2	真髄対局囲碁 碁仙人	J・ウイング	15500
1014	1995/6/9	妖怪バスター ルカの大冒険	角川書店	8800
1015	1995/6/9	エルファリアⅡ	ハドソン	9980
1016	1995/6/10	本家・ＳＡＮＫＹＯ ＦＥＶＥＲ 実機シミュレーション	DEN'Z	10800
1017	1995/6/16	夜光虫	アテナ	10800
1018	1995/6/23	Ｍｒ．Ｄｏ！　（ミスタードゥ）	イマジニア	5980
1019	1995/6/23	Ｐマン	ケムコ	9200
1020	1995/6/23	アースワーム・ジム	タカラ	9800
1021	1995/6/23	スーパー・スター・ウォーズ ジェダイの復讐	ビクターエンタテインメント	10800
1022	1995/6/23	実戦競艇	イマジニア	11800
1023	1995/6/23	ルインアーム	バンダイ	10800
1024	1995/6/23	プリンセス・ミネルバ	ビック東海	9900
1025	1995/6/23	西陣パチンコ物語	ケイエスエス	10800
1026	1995/6/23	トランプアイランド	パック・イン・ビデオ	8900
1027	1995/6/30	スーパー競艇	日本物産	9500
1028	1995/6/30	Ｃｉｒｃｕｉｔ ＵＳＡ　（サーキットＵＳＡ）	ヴァージンインタラクティブ	9800
1029	1995/6/30	とっても！ラッキーマン　ラッキークッキールーレットで突撃～！！	バンダイ	8800
1030	1995/6/30	グランヒストリア 幻史世界記	バンプレスト	11400
1031	1995/6/30	復刻版 提督の決断	光栄	9800
1032	1995/6/30	ガメラ ギャオス撃滅作戦	サミー	9980
1033	1995/6/30	リトルマスター～虹色の魔石～	徳間書店インターメディアカンパニー	9900
1034	1995/6/30	デア ラングリッサー	日本コンピュータシステム	10800
1035	1995/6/30	大物ブラックバスフィッシング人造湖編	アクレイム ジャパン	12800
1036	1995/6/30	新日本プロレスリング公認’９５ 闘強導夢ＢＡＴＴＬＥ７	バリエ	11800
1037	1995/6/30	スーパーファイヤープロレスリング クイーンズスペシャル	ヒューマン	11400
1038	1995/6/30	プロ麻雀 極Ⅲ	アテナ	9800
1039	1995/7/7	真・一攫千金	バップ	9800
1040	1995/7/7	スーパーＦ１サーカス外伝	日本物産	9900
1041	1995/7/7	史記英雄伝	アウトリガー工房	10800
1042	1995/7/7	キャラバンシューティングコレクション	ハドソン	6800
1043	1995/7/7	できたてハイスクール	BPS	9990
1044	1995/7/7	パチンコチャレンジャー	カロッツェリアジャパン	9800
1045	1995/7/7	実戦パチスロ必勝法クラシック	サミー	9500
1046	1995/7/14	ピットフォール マヤの大冒険	ポニーキャニオン	9800
1047	1995/7/14	スーパー競輪	アイマックス	9800
1048	1995/7/14	攻略カジノバー	日本物産	7800
1049	1995/7/14	ＫＡＴ’Ｓ ＲＵＮ 全日本Kカー選手権	アトラス	10800
1050	1995/7/14	ミスティックアーク	エニックス	11800
1051	1995/7/14	ラプラスの魔	ビック東海	9900
1052	1995/7/14	甲子園４	魔法	9800
1053	1995/7/14	４人将棋	POW	9800
1054	1995/7/21	悪魔城ドラキュラＸＸ	コナミ	9800
1055	1995/7/21	スーパーヴァリアブル・ジオ	テイジイエル(TGL)	9980
1056	1995/7/21	ＧＯ ＧＯ ＡＣＫＭＡＮ２	バンプレスト	9500
1057	1995/7/21	武豊 Ｇ１メモリー	NGP	12800
1058	1995/7/21	らんま１／２ 奥義邪暗拳	東宝、小学館プロダクション	8800
1059	1995/7/21	ダンクエスト 魔神封印の伝説	テクノスジャパン	9900
1060	1995/7/21	ビッグ一撃 パチスロ大攻略２ ユニバーサル・コレクション	アスク講談社	10800
1061	1995/7/21	将棋最強	魔法	14800
1062	1995/7/28	忍たま乱太郎	カルチャーブレーン	9800
1063	1995/7/28	超原人２	ハドソン	8900
1064	1995/7/28	インディ・ジョーンズ	ビクターエンタテインメント	10800
1065	1995/7/28	ポポイっとへべれけ	サンソフト	8900
1066	1995/7/28	ウルティマ恐竜帝国	ポニーキャニオン	9800
1067	1995/7/28	エメラルドドラゴン	メディアワークス	9800
1068	1995/7/28	就職ゲーム	イマジニア	11800
1069	1995/7/28	キャリアエース	ユーメディア	12800
1070	1995/7/28	バスマスターズクラシック	アルトロン	11800
1071	1995/7/28	ウルトラリーグ 燃えろ！サッカー大決戦！！	ユタカ	9800
1072	1995/7/28	麻雀繁盛記	日本物産	6800
1073	1995/8/4	鬼神童子ＺＥＮＫＩ 烈闘雷伝	ハドソン	9800
1074	1995/8/4	学校であった怖い話	バンプレスト	11800
1075	1995/8/4	超魔法大陸ＷＯＺＺ (ウォズ)	BPS	10800
1076	1995/8/4	稲妻サーブだ！スーパービーチバレー	ヴァージンインタラクティブ	9800
1077	1995/8/4	Jリーグサッカー プライムゴール３	ナムコ	9800
1078	1995/8/5	スーパーマリオ ヨッシーアイランド	任天堂	9800
1079	1995/8/10	スーパーパワーリーグ３	ハドソン	9980
1080	1995/8/11	ドナルドダックの魔法のぼうし	エポック社	9800
1081	1995/8/11	ブラックソーン 復讐の黒き棘	ケムコ	9400
1082	1995/8/11	忍者龍剣伝 巴	テクモ	7980
1083	1995/8/11	すーぱーぐっすんおよよ	バンプレスト	9980
1084	1995/8/11	ブランディッシュ２	光栄	10800
1085	1995/8/11	天地を喰らう 三国志群雄伝	カプコン	12800
1086	1995/8/11	ファイティングベースボール	ココナッツジャパンエンターテイメント	9400
1087	1995/8/11	武宮正樹九段の囲碁大将	ケイエスエス	14800
1088	1995/8/11	ゲームの達人	サンソフト	12800
1089	1995/8/25	魔獣王	ケイエスエス	10800
1090	1995/8/25	ころんらんど	ユーメディア	6800
1091	1995/8/25	ザ・心理ゲーム３	ヴィジット	9800
1092	1995/8/25	ヒューマングランプリ４ Ｆ１ドリームバトル	ヒューマン	11400
1093	1995/8/25	実戦！バスフィッシング必勝法 ＩＮ ＵＳＡ	サミー	9800
1094	1995/8/25	松方弘樹のスーパートローリング	トンキンハウス	9900
1095	1995/8/25	京楽・三洋・豊丸・大一・マルホン Ｐａｒｌｏｒ！パーラー！２　（パーラーパーラー２）	日本テレネット	11800
1096	1995/9/1	バトルロボット烈伝	バンプレスト	12800
1097	1995/9/1	柿木将棋	アスキー	12800
1098	1995/9/8	バウンティ・ソード	パイオニアLDC	11400
1099	1995/9/8	スーパー人生ゲーム２	タカラ	9800
1100	1995/9/14	クロックタワー	ヒューマン	11400
1101	1995/9/14	マリオのスーパーピクロス	任天堂	7900
1102	1995/9/14	桜井章一の雀鬼流麻雀必勝法	サミー	9980
1103	1995/9/15	スーパー鉄球ファイト！	バンプレスト	9000
1104	1995/9/15	アリスのペイントアドベンチャー	エポック社	8800
1105	1995/9/15	セント・アンドリュース 栄光と歴史のオールドコース	エポック社	9800
1106	1995/9/15	必勝７７７ファイターⅢ 黒竜王の復活	バップ	10800
1107	1995/9/22	超兄貴 爆烈乱闘篇	日本コンピュータシステム	11800
1108	1995/9/22	ドラゴンボールＺ 超悟空伝 覚醒編	バンダイ	10800
1109	1995/9/22	四柱推命学入門 真桃源郷	バンプレスト	11800
1110	1995/9/22	陣牌	バンプレスト	7800
1111	1995/9/22	新・将棋倶楽部	ヘクト	12800
1112	1995/9/22	美少女戦士セーラームーン～Ａｎｏｔｈｅｒ Ｓｔｏｒｙ～	エンジェル	11800
1113	1995/9/22	ジャングルストライク	EAV	9900
1114	1995/9/22	実況ワールドサッカー２ ＦＩＧＨＴＩＮＧ ＥＬＥＶＥＮ	コナミ	9980
1115	1995/9/22	朝日新聞連載 加藤一二三 九段 将棋 心技流	バリエ	12300
1116	1995/9/29	美食戦隊 薔薇野郎	ヴァージンインタラクティブ	9800
1117	1995/9/29	ハーメルンのバイオリン弾き	エニックス	9600
1118	1995/9/29	ダービージョッキー２	アスミック	9800
1119	1995/9/29	ウェディングピーチ	ケイエスエス	9800
1120	1995/9/29	全日本GT選手権	KANEKO	9980
1121	1995/9/29	ウィザードリィⅥ 禁断の魔筆	アスキー	12800
1122	1995/9/29	ＭＥＴＡＬ ＭＡＸ ＲＥＴＵＲＮＳ　（メタルマックス･リターンズ）	データイースト	12800
1123	1995/9/29	火の皇子　ヤマトタケル	東宝	10800
1124	1995/9/29	魔法騎士レイアース	トミー	9800
1125	1995/9/29	ホーリーアンブレラ ドンデラの無謀！！	ナグザット	9800
1126	1995/9/29	ヴェルヌ・ワールド	バンプレスト	11800
1127	1995/9/29	サージェント・サンダース・コンバット！	アスキー	12800
1128	1995/9/29	平安風雲伝	ケイエスエス	11800
1129	1995/9/29	ＡⅢ Ｓ．Ｖ．	パック・イン・ビデオ	10800
1130	1995/9/29	ＮＢＡ実況バスケットウイニングダンク	コナミ	10800
1131	1995/9/29	常勝麻雀 天牌	エニックス	8900
1132	1995/9/29	ノーマーク爆牌党 史上最強の雀士達	エンジェル	10800
1133	1995/9/29	HEIWAパチンコワールド２	ショウエイシステム	10800
1134	1995/9/30	聖剣伝説３	スクウェア	11400
1135	1995/10/6	すぱぽ～ん	ユタカ	5800
1136	1995/10/6	神聖紀オデッセリアⅡ	ビック東海	10800
1137	1995/10/6	タクティクス オウガ	クエスト	11400
1138	1995/10/6	激闘バーニングプロレス	BPS	10800
1139	1995/10/13	ハイパーイリア	バンプレスト	9600
1140	1995/10/13	ゲームの鉄人 ＴＨＥ上海	サンソフト	9980
1141	1995/10/20	ＲＩＮＧＳ アストラルバウト３	キングレコード	9800
1142	1995/10/20	マジカルドロップ	データイースト	8500
1143	1995/10/20	天地創造	エニックス	11800
1144	1995/10/20	スーパー花札２	アイマックス	9800
1145	1995/10/27	ジャスティス・リーグ	アクレイム ジャパン	11800
1146	1995/10/27	ジャッジ・ドレッド	アクレイム ジャパン	10900
1147	1995/10/27	バットマン フォーエヴァー	アクレイム ジャパン	11800
1148	1995/10/27	ガンガンガンチャン	マジファクト	8800
1149	1995/10/27	パネルでポン	任天堂	5800
1150	1995/10/27	ＳＤ Ｆ－１グランプリ	ビデオシステム	10900
1151	1995/10/27	魔天伝説 戦慄のオーパーツ	タカラ	10800
1152	1995/10/27	Ｌｉｇｈｔ ＦａｎｔａｓｙⅡ (ライトファンタジー2)	トンキンハウス	9900
1153	1995/10/27	クリスタルビーンズ フロム ダンジョンエクスプローラー	ハドソン	9500
1154	1995/10/27	天地無用！げ～む編	バンプレスト	10800
1155	1995/10/27	フォアマン フォー リアル	アクレイム ジャパン	11800
1156	1995/10/27	ウルトラベースボール実名版３	カルチャーブレーン	9800
1157	1995/10/27	テレビアニメ スラムダンク ＳＤヒートアップ！！	バンダイ	9800
1158	1995/10/27	白いリングへ Ｔｗｉｎｋｌｅ Ｌｉｔｔｌｅ Ｓｔａｒ	ポニーキャニオン	9980
1159	1995/10/27	パチスロ物語 パル工業スペシャル	ケイエスエス	10800
1160	1995/10/27	真 哭きの竜　麻雀飛翔伝	ベック	8900
1161	1995/11/2	紺碧の艦隊	エンジェル	10800
1162	1995/11/2	必殺パチンココレクション３	サンソフト	9980
1163	1995/11/10	全国縦断ウルトラ心理ゲーム	ヴィジット	9800
1164	1995/11/11	ロマンシング サ・ガ３	スクウェア	11400
1165	1995/11/17	レンダリング・レンジャーＲ２	ヴァージンインタラクティブ	10800
1166	1995/11/17	ブロックくずし	POW	5980
1167	1995/11/17	新スタートレック ザ・ネクストジェネレーション(大いなる遺産ＩＦＤの謎を追え)	徳間書店	9800
1168	1995/11/17	上海 万里の長城	サンソフト	9800
1169	1995/11/17	ロゴス・パニック ごあいさつ	ユタカ	9800
1170	1995/11/17	キャプテン翼J ザ･ウェイ･トゥ･ワールド･ユース	バンダイ	9800
1171	1995/11/17	全国高校サッカー２	四次元	9800
1172	1995/11/21	スーパードンキーコング２	任天堂	9800
1173	1995/11/24	鬼神童子ZENKI 電影雷舞	ハドソン	9980
1174	1995/11/24	ＭＩＧＨＴＹ ＭＯＲＰＨＩＮ ＰＯＷＥＲ ＲＡＮＧＥＲＳ	バンダイ	9800
1175	1995/11/24	魔女たちの眠り	パック・イン・ビデオ	10800
1176	1995/11/24	リーディングジョッキー２	カロッツェリアジャパン	9800
1177	1995/11/24	スーパー億万長者ゲーム	タカラ	9800
1178	1995/11/25	ゼロヨンチャンプＲＲ－Ｚ	メディアリング	11900
1179	1995/12/1	ロックマンＸ３	カプコン	9800
1180	1995/12/1	ちびまる子ちゃん めざせ！南のアイランド！！	コナミ	9000
1181	1995/12/1	おーちゃんのお絵かきロジック	サンソフト	6980
1182	1995/12/1	不思議のダンジョン２ 風来のシレン	チュンソフト	11800
1183	1995/12/1	Ｂ．Ｂ．ＧＵＮ　（ボールバレットガン）	アイマックス	11800
1184	1995/12/1	ＢＩＧ ＨＵＲＴベースボール	アクレイム ジャパン	11800
1185	1995/12/1	ドカポン外伝　炎のオーディション	アスミック	8800
1186	1995/12/1	パチ夫くんＳＰＥＣＩＡＬ３	ココナッツジャパンエンターテイメント	10800
1187	1995/12/8	ミッキーとドナルド マジカルアドベンチャー３	カプコン	9800
1188	1995/12/8	アメリカン バトルドーム	ツクダオリジナル	9800
1189	1995/12/8	す～ぱ～ぷよぷよ通	コンパイル	8800
1190	1995/12/8	クロックワークス	徳間書店	7800
1191	1995/12/8	美少女戦士セーラームーンＳｕｐｅｒＳ ふわふわパニック	バンダイ	7980
1192	1995/12/8	アンジェリーク プレミアムＢＯＸ	光栄	9800
1193	1995/12/8	ＭＡＳＴＥＲＳ Ｎｅｗ 遙かなるオーガスタ３	T&Eソフト	11800
1194	1995/12/8	スーパー桃太郎電鉄ＤＸ	ハドソン	9500
1195	1995/12/9	ドラゴンクエストＶＩ　幻の大地	エニックス	11400
1196	1995/12/15	ドラえもん４ のび太と月の王国	エポック社	9500
1197	1995/12/15	ニチブツアーケードクラシックス２ 平安京エイリアン	日本物産	5980
1198	1995/12/15	ＧＯ ＧＯ ＡＣＫＭＡＮ３	バンプレスト	9800
1199	1995/12/15	エミット バリューセット	光栄	19800
1200	1995/12/15	テイルズ オブ ファンタジア	ナムコ	11800
1201	1995/12/15	実況おしゃべりパロディウス	コナミ	9980
1202	1995/12/15	テーマパーク	EAV	11800
1203	1995/12/15	プリンセスメーカー Ｌｅｇｅｎｄ ｏｆ Ａｎｏｔｈｅｒ Ｗｏｒｌｄ	タカラ	9980
1204	1995/12/15	聖獣魔伝ビースト＆ブレイド	BPS	11000
1205	1995/12/15	ＪＢ ザ・スーパーバス	NGP	11800
1206	1995/12/15	スーパーブラックバス３	スターフィッシュデータ	11800
1207	1995/12/15	もってけ Ｏｈ！ドロボー	データイースト	9800
1208	1995/12/15	商人よ、大志を抱け！！	バンダイ	9800
1209	1995/12/15	本家・ＳＡＮＫＹＯ ＦＥＶＥＲ 実機シミュレーション２	BOSSコミュニケーションズ	10800
1210	1995/12/20	水木しげるの妖怪百鬼夜行	ケイエスエス	11800
1211	1995/12/22	ファイナルファイト タフ	カプコン	9980
1212	1995/12/22	がんばれゴエモン きらきら道中 僕がダンサーになった理由.	コナミ	9980
1213	1995/12/22	黄龍の耳	バップ	9980
1214	1995/12/22	３×３ＥＹＥＳ(サザンアイズ) 獣魔奉還	バンプレスト	10800
1215	1995/12/22	ザ・グレイトバトルＶ	バンプレスト	9800
1216	1995/12/22	月面のアヌビス	イマジニア	11800
1217	1995/12/22	ざくろの味	イマジニア	11800
1218	1995/12/22	ロードス島戦記	角川書店	10800
1219	1995/12/22	スーパーチャイニーズワールド３	カルチャーブレーン	9800
1220	1995/12/22	天外魔境ＺＥＲＯ	ハドソン	9980
1221	1995/12/22	ＳＤガンダム ＧＮＥＸＴ	バンダイ	12800
1222	1995/12/22	戦国の覇者 天下布武への道	バンプレスト	12800
1223	1995/12/22	ファーランドストーリー２	バンプレスト	12800
1224	1995/12/22	バトルサブマリン	パック・イン・ビデオ	9800
1225	1995/12/22	テクモスーパーボウルⅢ ＦＩＮＡＬ ＥＤＩＴＩＯＮ	テクモ	12800
1226	1995/12/22	スーパーファイヤープロレスリングＸ	ヒューマン	11900
1227	1995/12/22	将棋三昧	ヴァージンインタラクティブ	9800
1228	1995/12/27	最強 高田延彦	ハドソン	10900
1229	1995/12/28	三國志英傑伝	光栄	12800
1230	1995/12/29	イースV 失われた砂の都ケフィン	日本ファルコム	12800
1231	1995/12/29	スーパー将棋３ 棋太平	アイマックス	12800
1232	1995/12/29	大爆笑人生劇場 ずっこけサラリーマン編	タイトー	9800
1233	1995/12/29	京楽・三洋・豊丸・奥村・大一・マルホン Ｐａｒｌｏｒ！パーラー！Ⅳ　ＣＲ　（パーラーパーラー４）	日本テレネット	11800
1234	1995/12/29	対局囲碁 韋駄天	BPS	14800
1236	1996/1/12	魔導物語 はなまる大幼稚園児	徳間書店インターメディアカンパニー	9900
1237	1996/1/19	的中競馬塾	バンプレスト	9980
1238	1996/1/19	磯釣り 離島編	パック・イン・ビデオ	10800
1239	1996/1/19	京楽・三洋・豊丸・奥村・太陽 Ｐａｒｌｏｒ！パーラー！３　（パーラーパーラー３）	日本テレネット	11800
1240	1996/1/26	ＳＤガンダム Ｐｏｗｅｒ Ｆｏｒｍａｔｉｏｎ Ｐｕｚｚｌｅ	バンダイ	8800
1241	1996/1/26	ＭＡＤＡＲＡ ＳＡＧＡ 幼稚園戦記まだら	データム・ポリスター	9800
1242	1996/1/26	無人島物語	ケイエスエス	12800
1243	1996/1/26	信長の野望 天翔記	光栄	12800
1244	1996/1/26	スーパー野球道	バンプレスト	12800
1245	1996/1/26	平成軍人将棋	カロッツェリアジャパン	9800
1246	1996/1/26	囲碁倶楽部	ヘクト	12800
1247	1996/1/31	ＲＰＧツクール２	アスキー	12800
1248	1996/2/2	幕末降臨伝ＯＮＩ	バンプレスト	12800
1249	1996/2/9	ときめきメモリアル 伝説の樹の下で	コナミ	9980
1250	1996/2/9	バハムートラグーン	スクウェア	11400
1251	1996/2/9	将棋最強Ⅱ　実戦対局編	魔法	10800
1252	1996/2/16	プロ棋士人生シミュレーション 将棋の花道	アトラス	12800
1253	1996/2/23	ガンハザード	スクウェア	11400
1254	1996/2/23	バトルテック３０５０	アスク講談社	9800
1255	1996/2/23	鬼神童子ＺＥＮＫＩ 天地鳴動	ハドソン	9980
1256	1996/2/29	実況パワフルプロ野球３	コナミ	7500
1257	1996/2/29	スーパーファミスタ５	ナムコ	6980
1258	1996/3/1	晦-つきこもり-	バンプレスト	7800
1259	1996/3/1	鮫亀 ＋キャラカセット(付属品BSMC-ZS5J-JPN)	ハドソン	8980
1260	1996/3/1	レボリューションＸ	アクレイム ジャパン	11800
1261	1996/3/1	ドゥーム　（ＤＯＯＭ）	イマジニア	12800
1262	1996/3/1	機動戦士Zガンダム Ａｗａｙ ｔｏ Ｔｈｅ Ｎｅｗｔｙｐｅ	バンダイ	11800
1263	1996/3/1	ＮＦＬ クォーターバッククラブ’９６	アクレイム ジャパン	11800
1264	1996/3/1	レッスルマニア・ジ・アーケードゲーム	アクレイム ジャパン	11800
1265	1996/3/8	す～ぱ～ぷよぷよ通 リミックス	コンパイル	6800
1266	1996/3/8	銀河戦国群雄伝 ライ	エンジェル	10800
1267	1996/3/8	実戦パチンコ必勝法！２	サミー	7800
1268	1996/3/9	スーパーマリオＲＰＧ	任天堂	7500
1269	1996/3/15	ダービースタリオン９６	アスキー	12800
1270	1996/3/15	峠・伝説 最速バトル	BPS	10800
1271	1996/3/15	ブランディッシュ２ エキスパート	光栄	8800
1272	1996/3/15	カオスシード 風水回廊記	タイトー	9980
1273	1996/3/21	星のカービィ スーパーデラックス	任天堂	7500
1274	1996/3/22	ドレミファンタジー ミロンのドキドキ大冒険	ハドソン	6800
1275	1996/3/22	ＮＥＷヤッターマン 難題かんだいヤジロベエ	ユタカ	8800
1276	1996/3/22	実況競馬シミュレーション ステイブルスター 厩舎物語	コナミ	11800
1277	1996/3/22	イースV エキスパート	光栄	11800
1278	1996/3/22	スーパーロボット大戦外伝　魔装機神	バンプレスト	7800
1279	1996/3/22	９６全国高校サッカー選手権	魔法	7800
1280	1996/3/22	林海峯九段の囲碁大道	アスク講談社	14800
1281	1996/3/22	ギャンブル放浪記	バップ	8500
1282	1996/3/29	美少女戦士セーラームーンＳｕｐｅｒＳ 全員参加！！ 主役争奪戦	エンジェル	7980
1283	1996/3/29	忍たま乱太郎２	カルチャーブレーン	7800
1284	1996/3/29	新機動戦記ガンダムＷ Ｅｎｄｌｅｓｓ Ｄｕｅｌ	バンダイ	7500
1285	1996/3/29	ドラゴンボールＺ Ｈｙｐｅｒ Ｄｉｍｅｎｓｉｏｎ	バンダイ	7800
1286	1996/3/29	マップ＆コレクション（ＳＤガンダム ＧＮＥＸＴ専用）	バンダイ	3800
1287	1996/3/29	それいけエビス丸 からくり迷路	コナミ	5800
1288	1996/3/29	ＧＴレーシング	イマジニア	10800
1289	1996/3/29	アンジェリーク ヴォイス・ファンタジー	光栄	9800
1290	1996/3/29	美少女レスラー列伝 ブリザードＹｕｋｉ乱入	ケイエスエス	8000
1291	1996/3/29	スーパーファイヤープロレスリングＸ プレミアム	ヒューマン	8000
1292	1996/3/29	スーパーフォーメーションサッカー’９６　ＷＣＥ	ヒューマン	7500
1293	1996/3/29	京楽・三洋・マルホン Ｐａｒｌｏｒ！パーラー！５　（パーラーパーラー５）	日本テレネット	10800
1294	1996/4/5	ルドラの秘宝	スクウェア	8000
1295	1996/4/5	実戦パチスロ必勝法！山佐伝説	サミー	6900
1296	1996/4/12	音楽ツクール かなでーる	アスキー	9980
1297	1996/4/12	魔法陣グルグル２	エニックス	8000
1298	1996/4/19	蓬莱学園の冒険！　転校生スクランブル	J・ウイング	7980
1299	1996/4/26	トイ・ストーリー	カプコン	7500
1300	1996/4/26	スーパーボンバーマン４	ハドソン	7777
1301	1996/4/26	Ｊｕｍｐｉｎ’ Ｄｅｒｂｙ (ジャンピンダービー)	ナグザット	9800
1302	1996/4/26	スーパー競艇２	日本物産	8500
1303	1996/4/26	一発逆転！！ 競馬・競輪・競艇	POW	9800
1304	1996/4/26	Ｊリーグエキサイトステージ’９６	エポック社	7980
1305	1996/4/26	ＨＥＩＷＡパチンコワールド３	ショウエイシステム	7800
1306	1996/4/26	Ｐａｒｌｏｒ！Ｍｉｎｉ　（パーラーミニ）	日本テレネット	4900
1307	1996/5/14	ファイアーエムブレム 聖戦の系譜	任天堂	7500
1308	1996/5/24	すーぱーぐっすんおよよ２	バンプレスト	7800
1309	1996/5/24	トレジャーハンターＧ	スクウェア	7900
1310	1996/5/24	ごきんじょ冒険隊	パイオニアLDC	7980
1311	1996/5/31	すぱぽーんＤＸ	ユタカ	5800
1312	1996/5/31	サウンドノベルツクール	アスキー	8200
1313	1996/5/31	ダークハーフ	エニックス	8000
1314	1996/5/31	フィッシング甲子園	キングレコード	9800
1315	1996/6/1	Jリーグ’９６ ドリームスタジアム	ハドソン	7980
1316	1996/6/14	アラビアンナイト 砂漠の精霊王	タカラ	7800
1317	1996/6/14	ベストショットプロゴルフ	アスキー	8200
1318	1996/6/28	スーファミターボ	バンダイ	3980
1319	1996/6/28	スーファミターボ専用 SDウルトラバトル ウルトラマン伝説	バンダイ	3980
1320	1996/6/28	スーファミターボ専用 SDウルトラバトル セブン伝説	バンダイ	3980
1321	1996/6/28	スーファミターボ専用 ぽいぽい忍者ワールド	バンダイ	3980
1322	1996/6/28	パズル 忍たま乱太郎　忍術学園パズル大会の段	カルチャーブレーン	6980
1323	1996/6/28	す～ぱ～なぞぷよ通 ルルーの鉄腕繁盛記	コンパイル	9800
1324	1996/6/28	空想科学世界ガリバーボーイ	バンダイ	7800
1325	1996/6/28	トラバース	バンプレスト	7800
1326	1996/6/28	西陣パチンコ物語２	ケイエスエス	10800
1327	1996/6/28	Ｐａｒｌｏｒ！Ｍｉｎｉ２　（パーラーミニ２）	日本テレネット	4900
1328	1996/7/19	スターオーシャン	エニックス	8500
1329	1996/7/19	実況パワフルプロ野球’９６ 開幕版	コナミ	7500
1330	1996/7/19	海のぬし釣り	パック・イン・ビデオ	7800
1331	1996/7/19	スーファミターボ専用 ゲゲゲの鬼太郎 妖怪ドンジャラ	バンダイ	3980
1332	1996/7/19	スーパートランプコレクション２	ボトムアップ	5800
1333	1996/7/26	レナスⅡ　封印の使徒	アスミック	9980
1334	1996/7/26	スプリガン・パワード	ナグザット	9800
1335	1996/7/26	シムシティＪｒ．	イマジニア	8200
1336	1996/7/26	エナジーブレイカー	タイトー	7980
1337	1996/7/26	アースライト ルナ・ストライク	ハドソン	7980
1338	1996/7/26	スーファミターボ専用 ＳＤガンダムジェネレーション 一年戦争記	バンダイ	3980
1339	1996/7/26	スーファミターボ専用 ＳＤガンダムジェネレーション グリプス戦記	バンダイ	3980
1340	1996/7/26	テーブルゲーム大集合！将棋・麻雀・花札・トゥーサイド	バリエ	6800
1341	1996/8/2	大貝獣物語Ⅱ	ハドソン	8200
1342	1996/8/9	忍たま乱太郎すぺしゃる	カルチャーブレーン	8800
1343	1996/8/9	赤ずきんチャチャ	トミー	7800
1344	1996/8/9	牧場物語	パック・イン・ビデオ	7800
1345	1996/8/9	スーパーパワーリーグ４	ハドソン	7980
1346	1996/8/23	スーファミターボ専用 激走戦隊カーレンジャー 全開！レーサー戦士	バンダイ	3980
1347	1996/8/23	スーファミターボ専用 ＳＤガンダムジェネレーション アクシズ戦記	バンダイ	3980
1348	1996/8/23	スーファミターボ専用 ＳＤガンダムジェネレーション バビロニア建国戦記	バンダイ	3980
1349	1996/8/24	古田敦也のシミュレーションプロ野球２	ヘクト	8000
1350	1996/8/30	ナンバーズパラダイス	アクレイム ジャパン	8800
1351	1996/8/30	大戦略エキスパートＷＷⅡ	アスキー	9800
1352	1996/8/30	必殺パチンココレクション４	サンソフト	9980
1353	1996/8/30	本家・ＳＡＮＫＹＯ ＦＥＶＥＲ 実機シミュレーション３	BOSSコミュニケーションズ	7480
1354	1996/9/13	実況パワープロレスリング’９６	コナミ	7980
1355	1996/9/13	ペブルビーチの波濤Ｎｅｗ トーナメントエディション	T&Eソフト	8000
1356	1996/9/20	マジカルドロップ２	データイースト	7800
1357	1996/9/20	ウィザードリィ・外伝Ⅳ 胎魔の鼓動	アスキー	8000
1358	1996/9/27	スーファミターボ専用 クレヨンしんちゃん 長ぐつドボン	バンダイ	3980
1359	1996/9/27	スーファミターボ専用 美少女戦士セーラームーン セーラースターズ ふわふわパニック２	バンダイ	3980
1360	1996/9/27	モンスタニア	パック・イン・ビデオ	7800
1361	1996/9/27	スーファミターボ専用 ＳＤガンダムジェネレーション コロニー格闘記	バンダイ	3980
1362	1996/9/27	スーファミターボ専用 ＳＤガンダムジェネレーション ザンスカール戦記	バンダイ	3980
1363	1996/9/27	Ｐａｒｌｏｒ！Ｍｉｎｉ３　（パーラーミニ３）	日本テレネット	4900
1364	1996/9/27	スーパーニチブツマージャン４ 基礎研究編	日本物産	7500
1365	1996/10/4	ウイニングポスト２ プログラム’９６	光栄	9800
1366	1996/10/18	マーヴルスーパーヒーローズ ウォー オブ ザ ジェム	カプコン	7800
1367	1996/10/18	サラブレッドブリーダーⅢ	ヘクト	8200
1368	1996/10/25	タワードリーム	アスキー	8000
1369	1996/10/26	マーヴェラス もうひとつの宝島	任天堂	6800
1370	1996/11/23	スーパードンキーコング３ 謎のクレミス島	任天堂	6800
1371	1996/11/29	ＶＳ.コレクション	ボトムアップ	6980
1372	1996/11/29	スーパー人生ゲーム３	タカラ	5980
1373	1996/11/29	Ｐａｒｌｏｒ！Ｍｉｎｉ４　（パーラーミニ４）	日本テレネット	5800
1374	1996/11/29	ニチブツコレクション１	日本物産	7980
1375	1996/12/6	ドラゴンクエストⅢ　そして伝説へ…	エニックス	8700
1376	1996/12/6	桃太郎電鉄ＨＡＰＰＹ	ハドソン	8300
1377	1996/12/19	すごろく銀河戦記	ボトムアップ	6980
1378	1996/12/20	ストリートファイターＺＥＲＯ２	カプコン	7800
1379	1996/12/20	ドナルドダックのマウイマラード	カプコン	7500
1380	1996/12/20	ピノキオ	カプコン	7500
1381	1996/12/20	Ｃｕ－Ｏｎ－Ｐａ ＳＦＣ (クオンパ)	T&Eソフト	6800
1382	1996/12/20	Ｇ．Ｏ．Ｄ 目覚めよと呼ぶ声が聴こえ	イマジニア	7980
1383	1996/12/20	ボンバーマンビーダマン	ハドソン	5980
1384	1996/12/20	ミニ四駆 シャイニングスコーピオン レッツ＆ゴー！！	アスキー	8800
1385	1996/12/20	西陣パチンコ３	ケイエスエス	7800
1386	1996/12/27	マスク	ヴァージンインタラクティブ	9800
1387	1996/12/27	ドラゴンナイト４	バンプレスト	7980
1388	1996/12/27	ニチブツコレクション２	日本物産	7980
1389	1997/1/15	アルカノイド －Ｄｏｈ Ｉｔ Ａｇａｉｎ－	タイトー	4980
1390	1997/1/17	ＢＵＳＨＩ 青龍伝 二人の勇者	T&Eソフト	7980
1391	1997/1/17	プロ野球スター	カルチャーブレーン	6800
1392	1997/1/31	ピキーニャ！	アスキー	6800
1393	1997/1/31	ガンプル	アスキー	8000
1394	1997/1/31	ミランドラ	アスキー	7800
1395	1997/2/21	糸井重里のバス釣りＮｏ．１	任天堂	7800
1396	1997/2/28	忍たま乱太郎３	カルチャーブレーン	6980
1397	1997/2/28	スーパーボンバーマン５	ハドソン	6980
1398	1997/3/7	アニマニアクス	コナミ	5800
1399	1997/3/7	パチスロ完全攻略 ユニバーサル新台入荷Ｖｏｌ．１	日本シスコン	5980
1400	1997/3/14	キャスパー	KSS	4980
1401	1997/3/14	スーパーダブル役満Ⅱ	バップ	7500
1402	1997/3/15	実戦パチスロ必勝法！ＴＷＩＮ	サミー	5980
1403	1997/3/20	実況パワフルプロ野球３ ’９７春	コナミ	6800
1404	1997/3/28	ソリッドランナー	アスキー	8000
1405	1997/3/28	ダークロウ Ｍｅａｎｉｎｇ ｏｆ Ｄｅａｔｈ	アスキー	8000
1406	1997/3/28	Ｐａｒｌｏｒ！Ｍｉｎｉ５　（パーラーミニ５）	日本テレネット	4900
1407	1997/4/18	プロ麻雀 兵(つわもの)	カルチャーブレーン	6980
1408	1997/4/25	プロ野球熱闘ぱずるスタジアム	ココナッツジャパンエンターテイメント	7800
1409	1997/5/30	Ｐａｒｌｏｒ！Ｍｉｎｉ６　（パーラーミニ６）	日本テレネット	4980
1410	1997/8/1	ふね太郎	ビクターインタラクティブ(パックインソフト)	7800
1411	1997/8/29	Ｐａｒｌｏｒ！Ｍｉｎｉ７　（パーラーミニ７）	日本テレネット	4900
1412	1997/9/12	実戦パチスロ必勝法！Ｔｗｉｎ ｖｏｌ．２	サミー	5980
1413	1997/9/30	ＳＦメモリカセット	任天堂	3980
1414	1997/12/19	爆球連発！！ スーパービーダマン	ハドソン	4980
1416	1998/1/30	スーパーゲームボーイ２	任天堂	5800
1417	1998/1/30	ＨＥＩＷＡ Ｐａｒｌｏｒ！Ｍｉｎｉ８ パチンコ実機シミュレーションゲーム　	日本テレネット	5200
1418	1998/3/19	実況パワフルプロ野球BASIC’９８	コナミ	5800
1419	1998/3/27	星のカービィ３	任天堂	4800
1420	1998/4/24	ロックマン＆フォルテ	カプコン	5800
1421	1998/5/23	平成 新・鬼ヶ島 前編	任天堂	3800
1422	1998/5/23	平成 新・鬼ヶ島 後編	任天堂	3800
1423	1998/5/23	レッキングクルー’９８	任天堂	3800
1424	1998/8/25	ダービースタリオン９８	任天堂	6000
1425	1998/12/4	ミニ四駆レッツ＆ゴー！！ ＰＯＷＥＲ ＷＧＰ２	任天堂	3800
1426	1999/6/25	ＰＯＷＥＲ倉庫番	任天堂	4200
1427	1999/6/25	カービィのきらきらきっず	任天堂	4200
1428	1999/6/25	すってはっくん	任天堂	4200
1430	2000/1/21	ファイアーエムブレム トラキア７７６	任天堂	5200
1431	2000/11/29	メタルスレイダーグローリー ディレクターズカット プリライト版	任天堂	5780
